"","lon","lat","address","zip","city","state","metro","county_name","x2020_01","quartile"
"1",-83.9918588,34.0342959,"1032 old peachtree rd ne #205lawrenceville, lawrenceville, ga 30043, usa","30043","Lawrenceville","GA","Atlanta-Sandy Springs-Roswell","Gwinnett County",251746,"q3"
"2",-121.3273114,38.63918,"4126 manzanita ave, carmichael, ca 95608, usa","95608","Carmichael","CA","Sacramento--Roseville--Arden-Arcade","Sacramento County",426111,"q4"
"3",-84.544862,39.3507872,"4605 dixie hwy, fairfield, oh 45014, usa","45014","Fairfield","OH","Cincinnati","Butler County",177871,"q3"
"4",-85.6182308,30.1553369,"3207 e 4th st, panama city, fl 32401, usa","32401","Panama City","FL","Panama City","Bay County",124862,"q2"
"5",-94.8046139,39.7697013,"faraon st, st joseph, mo 64506, usa","64506","Saint Joseph","MO","St. Joseph","Buchanan County",179634,"q3"
"6",-80.0505043,40.6030848,"10293 perry hwy, wexford, pa 15090, usa","15090","Wexford","PA","Pittsburgh","Allegheny County",382022,"q4"
"7",-77.6473593,35.2610467,"4190 w vernon ave, kinston, nc 28504, usa","28504","Kinston","NC","Kinston","Lenoir County",115003,"q2"
"8",-85.137403,39.682032,"4000 western ave, connersville, in 47331, usa","47331","Connersville","IN","Connersville","Fayette County",83613,"q1"
"9",-87.4567658,46.5481036,"3125 us-41, marquette, mi 49855, usa","49855","Marquette","MI","Marquette","Marquette County",218083,"q3"
"10",-72.533387,42.143903,"570 cottage st, springfield, ma 01104, usa","01104",NA,NA,NA,NA,NA,"q4"
"11",-118.493312,34.0178068,"524 santa monica blvd, santa monica, ca 90401, usa","90401","Santa Monica","CA","Los Angeles-Long Beach-Anaheim","Los Angeles County",1178492,"q4"
"12",-77.412371,37.2535855,"1500 boulevard, colonial heights, va 23834, usa","23834","Colonial Heights","VA","Richmond","Colonial Heights City",177730,"q3"
"13",-79.3552359,37.7371247,"2277 beech ave #501, buena vista, va 24416, usa","24416","Buena Vista","VA","","Buena Vista City",110353,"q2"
"14",-104.9878998,39.7159506,"21 s broadway, denver, co 80209, usa","80209","Denver","CO","Denver-Aurora-Lakewood","Denver County",783183,"q4"
"15",-83.6342195,41.5387627,"26580 n dixie hwy, perrysburg, oh 43551, usa","43551","Perrysburg","OH","Toledo","Wood County",236761,"q3"
"16",-82.0247915,33.4101757,"3120 peach orchard rd, augusta, ga 30906, usa","30906","Augusta","GA","Augusta-Richmond County","Richmond County",80654,"q1"
"17",-93.0060235,45.2765912,"197 19th st sw, forest lake, mn 55025, usa","55025","Forest Lake","MN","Minneapolis-St. Paul-Bloomington","Washington County",310797,"q4"
"18",-95.0630932,29.8817606,"14530 crosby lynchburg rd, crosby, tx 77532, usa","77532","Crosby","TX","Houston-The Woodlands-Sugar Land","Harris County",196143,"q3"
"19",-117.2000879,32.8127773,"4220 balboa ave, san diego, ca 92117, usa","92117","San Diego","CA","San Diego-Carlsbad","San Diego County",701998,"q4"
"20",-88.4738202,43.0859843,"1408 summit ave, oconomowoc, wi 53066, usa","53066","Oconomowoc","WI","Milwaukee-Waukesha-West Allis","Waukesha County",353849,"q4"
"21",-85.7094217,38.325248,"2764 jefferson centre way, jeffersonville, in 47130, usa","47130","Jeffersonville","IN","Louisville/Jefferson County","Clark County",157861,"q2"
"22",-81.8395266,27.2106359,"1701 e oak st, arcadia, fl 34266, usa","34266","Arcadia","FL","Arcadia","De Soto County",118503,"q2"
"23",-84.6297221,33.8662259,"2667 powder springs rd sw #117marietta, marietta, ga 30064, usa","30064","Marietta","GA","Atlanta-Sandy Springs-Roswell","Cobb County",312815,"q4"
"24",-87.6110011,38.3538072,"3215 w broadway st, princeton, in 47670, usa","47670","Princeton","IN","","Gibson County",106635,"q2"
"25",-90.5372115,38.6167862,"14808 clayton rd, chesterfield, mo 63017, usa","63017","Chesterfield","MO","St. Louis","Saint Louis County",383639,"q4"
"26",-80.1349649,26.6205011,"5821 lake worth rd, greenacres, fl 33463, usa","33463","Greenacres","FL","Miami-Fort Lauderdale-West Palm Beach","Palm Beach County",247032,"q3"
"27",-77.4927197,38.24354,"4701 market st, fredericksburg, va 22408, usa","22408","Fredericksburg","VA","Washington-Arlington-Alexandria","Spotsylvania County",289853,"q4"
"28",-119.1807188,34.1961377,"330 w 6th st store 330 w, oxnard, ca 93030, usa","93030","Oxnard","CA","Oxnard-Thousand Oaks-Ventura","Ventura County",551804,"q4"
"29",-77.6869856,37.4038836,"14740 hull street rd, chesterfield, va 23832, usa","23832","Chesterfield","VA","Richmond","Chesterfield County",251332,"q3"
"30",-89.0736054,42.3139378,"740 w riverside blvd, rockford, il 61103, usa","61103","Rockford","IL","Rockford","Winnebago County",70405,"q1"
"31",-82.2886664,27.9804862,"710 w dr martin luther king jr blvd, seffner, fl 33584, usa","33584","Seffner","FL","Tampa-St. Petersburg-Clearwater","Hillsborough County",214502,"q3"
"32",-117.3146351,33.9659564,"",NA,NA,NA,NA,NA,NA,"q4"
"33",-123.096787,44.078013,"1175 cal young rd, eugene, or 97401, usa","97401","Eugene","OR","Eugene","Lane County",377069,"q4"
"34",-72.8745324,41.6262084,"350 queen st, southington, ct 06489, usa","06489",NA,NA,NA,NA,NA,"q4"
"35",-122.2496396,47.3795183,"315 washington ave s, kent, wa 98032, usa","98032","Kent","WA","Seattle-Tacoma-Bellevue","King County",381973,"q4"
"36",-80.9269876,35.2317442,"5301 wilkinson blvd, charlotte, nc 28208, usa","28208","Charlotte","NC","Charlotte-Concord-Gastonia","Mecklenburg County",162022,"q2"
"37",-84.1977802,39.81673,"5400 n dixie dr, dayton, oh 45414, usa","45414","Dayton","OH","Dayton","Montgomery County",103668,"q1"
"38",-81.4238336,41.0244505,"1500 canton rd, akron, oh 44312, usa","44312","Akron","OH","Akron","Summit County",113105,"q2"
"39",-96.556386,33.731407,"2419 woodlawn blvd, denison, tx 75020, usa","75020","Denison","TX","Sherman-Denison","Grayson County",137739,"q2"
"40",-122.6296832,38.2426252,"175 fairgrounds dr, petaluma, ca 94952, usa","94952","Petaluma","CA","Santa Rosa","Sonoma County",805955,"q4"
"41",-83.8489393,34.290501,"1514 skelton rd, gainesville, ga 30504, usa","30504","Gainesville","GA","Gainesville","Hall County",215494,"q3"
"42",-97.1270096,31.5731071,"1000 e waco dr, waco, tx 76704, usa","76704","Waco","TX","Waco","McLennan County",66774,"q1"
"43",-121.7580585,36.9116923,"470 main st, watsonville, ca 95076, usa","95076","Watsonville","CA","Santa Cruz-Watsonville","Santa Cruz County",609584,"q4"
"44",-80.7016933,35.3150611,"1725 harris houston rd, charlotte, nc 28262, usa","28262","Charlotte","NC","Charlotte-Concord-Gastonia","Mecklenburg County",217500,"q3"
"45",-81.415235,28.5520058,"3200 w colonial dr, orlando, fl 32808, usa","32808","Pine Hills","FL","Orlando-Kissimmee-Sanford","Orange County",167322,"q3"
"46",-95.4336856,30.0747665,"1417 spring cypress rd #111bspring, spring, tx 77373, usa","77373","Spring","TX","Houston-The Woodlands-Sugar Land","Harris County",169474,"q3"
"47",-110.975822,31.854569,"520 e white house canyon rd, green valley, az 85614, usa","85614","Green Valley","AZ","Tucson","Pima County",197402,"q3"
"48",-111.3174847,34.2397055,"401 e, az-260, payson, az 85541, usa","85541","Payson","AZ","Payson","Gila County",282486,"q4"
"49",-111.9267249,33.3179394,"4949 w ray rd #1chandler, chandler, az 85226, usa","85226","Chandler","AZ","Phoenix-Mesa-Scottsdale","Maricopa County",330816,"q4"
"50",-157.9698987,21.394138,"890 kamehameha hwy, pearl city, hi 96782, usa","96782","Pearl City","HI","Urban Honolulu","Honolulu County",736801,"q4"
"51",-79.0642408,38.1300309,"1106 greenville ave, staunton, va 24401, usa","24401","Staunton","VA","Staunton-Waynesboro","Staunton City",184422,"q3"
"52",-89.6884401,35.0451269,"783 w poplar ave, collierville, tn 38017, usa","38017","Collierville","TN","Memphis","Shelby County",355248,"q4"
"53",-85.0273249,35.4758338,"200 able dr #1dayton, dayton, tn 37321, usa","37321","Dayton","TN","Dayton","Rhea County",143752,"q2"
"54",-111.9072222,33.6191667,"8053 e raintree dr, scottsdale, az 85260, usa","85260","Scottsdale","AZ","Phoenix-Mesa-Scottsdale","Maricopa County",468752,"q4"
"55",-82.61706,35.570635,"1616 patton ave, asheville, nc 28806, usa","28806","Asheville","NC","Asheville","Buncombe County",272335,"q4"
"56",-96.8425539,32.9986717,"18230 midway rd, dallas, tx 75287, usa","75287","Dallas","TX","Dallas-Fort Worth-Arlington","Dallas County",331182,"q4"
"57",NA,NA,NA,NA,NA,NA,NA,NA,NA,"q4"
"58",NA,NA,NA,NA,NA,NA,NA,NA,NA,"q4"
"59",-95.5539348,29.9017512,"9215 west rd, houston, tx 77064, usa","77064","Houston","TX","Houston-The Woodlands-Sugar Land","Harris County",189059,"q3"
"60",NA,NA,NA,NA,NA,NA,NA,NA,NA,"q4"
"61",-79.038815,38.0347262,"2576 stuarts draft hwy, stuarts draft, va 24477, usa","24477","Stuarts Draft","VA","Staunton-Waynesboro","Augusta County",218425,"q3"
"62",-111.6988976,33.4170135,"6030 e main st suite 6120, mesa, az 85205, usa","85205","Mesa","AZ","Phoenix-Mesa-Scottsdale","Maricopa County",259638,"q3"
"63",-118.9195051,34.3969841,"745 ventura st, fillmore, ca 93015, usa","93015","Fillmore","CA","Oxnard-Thousand Oaks-Ventura","Ventura County",475660,"q4"
"64",-94.3128148,37.1431827,"132 w george e phelps blvd, carthage, mo 64836, usa","64836","Carthage","MO","Joplin","Jasper County",139721,"q2"
"65",-115.2775664,36.0610608,"7036 w badura ave, las vegas, nv 89113, usa","89113","Las Vegas","NV","Las Vegas-Henderson-Paradise","Clark County",317539,"q4"
"66",-89.3999426,43.0704831,"frederic ogg residence hall, 835 w dayton st, madison, wi 53706, usa","53706",NA,NA,NA,NA,NA,"q4"
"67",-91.5303195,41.6441087,"445 us-6, iowa city, ia 52240, usa","52240","Iowa City","IA","Iowa City","Johnson County",219061,"q3"
"68",-81.5072641,41.02744,"570 e waterloo rd, akron, oh 44319, usa","44319","Portage Lakes","OH","Akron","Summit County",158107,"q2"
"69",-79.4215188,36.5734843,"760 w main st, danville, va 24541, usa","24541","Danville","VA","Danville","Danville City",86220,"q1"
"70",-122.7880394,38.5274519,"6450 hembree ln, windsor, ca 95492, usa","95492","Windsor","CA","Santa Rosa","Sonoma County",646335,"q4"
"71",-101.8427106,33.5684394,"715 28th st, lubbock, tx 79404, usa","79404","Lubbock","TX","Lubbock","Lubbock County",66116,"q1"
"72",-80.3015548,26.1100174,"11366 w state rd 84, davie, fl 33325, usa","33325","Davie","FL","Miami-Fort Lauderdale-West Palm Beach","Broward County",402066,"q4"
"73",-81.8107004,26.4083809,"7996 mediterranean drive, estero, fl 33928, usa","33928","Estero","FL","Cape Coral-Fort Myers","Lee County",309368,"q4"
"74",-91.8957239,39.1746041,"1101 w monroe st, mexico, mo 65265, usa","65265","Mexico","MO","Mexico","Audrain County",103175,"q1"
"75",-95.4933071,29.6166263,"14464 hillcroft st, houston, tx 77085, usa","77085","Houston","TX","Houston-The Woodlands-Sugar Land","Harris County",163002,"q2"
"76",-84.7484663,39.5079406,"203 s locust st store 203, oxford, oh 45056, usa","45056","Oxford","OH","Cincinnati","Butler County",214749,"q3"
"77",-157.895076,21.3362215,"2610 kilihau st, honolulu, hi 96819, usa","96819","Honolulu","HI","Urban Honolulu","Honolulu County",837482,"q4"
"78",-80.361605,36.265568,"622 s main st, king, nc 27021, usa","27021","King","NC","Winston-Salem","Stokes County",162507,"q2"
"79",-110.9305634,32.163275,"e irvington rd, tucson, az 85714, usa","85714","Tucson","AZ","Tucson","Pima County",148324,"q2"
"80",-122.6988974,38.448654,"1720 4th st, santa rosa, ca 95404, usa","95404","Santa Rosa","CA","Santa Rosa","Sonoma County",647775,"q4"
"81",-117.170264,34.0471291,"411 e palm ave, redlands, ca 92373, usa","92373","Redlands","CA","Riverside-San Bernardino-Ontario","San Bernardino County",492636,"q4"
"82",-108.5979871,39.0962355,"630 24 1/2 rd, grand junction, co 81505, usa","81505","Grand Junction","CO","Grand Junction","Mesa County",322109,"q4"
"83",-117.3523715,33.1770706,"1928s s moreno st, oceanside, ca 92054, usa","92054","Oceanside","CA","San Diego-Carlsbad","San Diego County",683130,"q4"
"84",-97.722385,26.186052,"702 dixieland rd, harlingen, tx 78550, usa","78550","Harlingen","TX","Brownsville-Harlingen","Cameron County",101324,"q1"
"85",-77.290316,38.8442198,"9960 main st, fairfax, va 22031, usa","22031","Fairfax","VA","Washington-Arlington-Alexandria","Fairfax County",594100,"q4"
"86",-157.8461269,21.302382,"1069 s beretania st, honolulu, hi 96814, usa","96814","Honolulu","HI","Urban Honolulu","Honolulu County",551875,"q4"
"87",-96.357507,30.646774,"2600 texas ave, bryan, tx 77802, usa","77802","Bryan","TX","College Station-Bryan","Brazos County",198227,"q3"
"88",-95.2902415,32.391266,"500 e ne loop 323, tyler, tx 75706, usa","75706","Tyler","TX","Tyler","Smith County",140478,"q2"
"89",-70.2533184,43.6351845,"50 market st, south portland, me 04106, usa","04106",NA,NA,NA,NA,NA,"q4"
"90",-81.7308809,41.049818,"170 great oaks trail, wadsworth, oh 44281, usa","44281","Wadsworth","OH","Cleveland-Elyria","Medina County",203932,"q3"
"91",-94.6520983,31.6024531,"503 e main st, nacogdoches, tx 75961, usa","75961","Nacogdoches","TX","Nacogdoches","Nacogdoches County",124376,"q2"
"92",-99.7498336,32.4509215,"2200 n 1st st 1st store, abilene, tx 79603, usa","79603","Abilene","TX","Abilene","Taylor County",89013,"q1"
"93",-88.2507353,40.0709524,"1201 savoy plaza ln, savoy, il 61874, usa","61874","Savoy","IL","Champaign-Urbana","Champaign County",233760,"q3"
"94",-85.5021585,36.150217,"575 s jefferson ave, cookeville, tn 38501, usa","38501","Cookeville","TN","Cookeville","Putnam County",164450,"q3"
"95",-92.3435275,34.7107319,"s university ave, little rock, ar 72204, usa","72204","Little Rock","AR","Little Rock-North Little Rock-Conway","Pulaski County",74620,"q1"
"96",-80.2046397,36.1579335,"5000 old walkertown rd, winston-salem, nc 27105, usa","27105","Winston-Salem","NC","Winston-Salem","Forsyth County",83979,"q1"
"97",-81.7868402,41.4552281,"13719 lorain ave, cleveland, oh 44111, usa","44111","Cleveland","OH","Cleveland-Elyria","Cuyahoga County",92633,"q1"
"98",-88.805228,30.4144173,"2200 bienville blvd, ocean springs, ms 39564, usa","39564","Ocean Springs","MS","Gulfport-Biloxi-Pascagoula","Jackson County",161422,"q2"
"99",-87.150471,35.9430316,"2714 fairview blvd, fairview, tn 37062, usa","37062","Fairview","TN","Nashville-Davidson--Murfreesboro--Franklin","Williamson County",290123,"q4"
"100",-118.3453295,34.0599637,"817 south la brea ave, los angeles, ca 90036, usa","90036","Los Angeles","CA","Los Angeles-Long Beach-Anaheim","Los Angeles County",1631627,"q4"
"101",-81.023871,29.1105026,"1752 dunlawton ave, port orange, fl 32127, usa","32127","Port Orange","FL","Deltona-Daytona Beach-Ormond Beach","Volusia County",253130,"q3"
"102",-121.2899989,38.695377,"7120 auburn blvd, citrus heights, ca 95610, usa","95610","Citrus Heights","CA","Sacramento--Roseville--Arden-Arcade","Sacramento County",378529,"q4"
"103",-82.5024768,28.0859031,"14941 n dale mabry hwy, tampa, fl 33618, usa","33618","Greater Carrollwood","FL","Tampa-St. Petersburg-Clearwater","Hillsborough County",287188,"q4"
"104",-119.2944702,34.280618,"404 e main st, ventura, ca 93001, usa","93001","Ventura","CA","Oxnard-Thousand Oaks-Ventura","Ventura County",651751,"q4"
"105",-85.8592592,38.959,"1857 e tipton st, seymour, in 47274, usa","47274","Seymour","IN","Seymour","Jackson County",149127,"q2"
"106",-121.2268388,38.67816,"8880 greenback ln, orangevale, ca 95662, usa","95662","Orangevale","CA","Sacramento--Roseville--Arden-Arcade","Sacramento County",413084,"q4"
"107",-84.2547133,33.8443683,"3983 lavista rd #136tucker, tucker, ga 30084, usa","30084","Tucker","GA","Atlanta-Sandy Springs-Roswell","Dekalb County",254774,"q3"
"108",-79.715711,39.8985346,"40 connellsville st, uniontown, pa 15401, usa","15401","Uniontown","PA","Pittsburgh","Fayette County",109633,"q2"
"109",-97.2936303,32.6888751,"2452 mansfield hwy, fort worth, tx 76119, usa","76119","Fort Worth","TX","Dallas-Fort Worth-Arlington","Tarrant County",134493,"q2"
"110",-77.4378084,38.2857791,"washington square plaza, george washington, va 22405, usa","22405","Fredericksburg","VA","Washington-Arlington-Alexandria","Spotsylvania County",310222,"q4"
"111",-88.9978385,42.7152314,"2003 holiday dr, janesville, wi 53545, usa","53545","Janesville","WI","Janesville-Beloit","Rock County",167958,"q3"
"112",-84.9513528,32.5427378,"6770 veterans pkwy, columbus, ga 31909, usa","31909","Columbus","GA","Columbus","Muscogee County",156927,"q2"
"113",-122.1338684,38.2159765,"180 grobric ct store 180, fairfield, ca 94534, usa","94534","Fairfield","CA","Vallejo-Fairfield","Solano County",535363,"q4"
"114",-122.3328981,37.9544184,"100a san pablo towne center store 100a, san pablo, ca 94806, usa","94806","San Pablo","CA","San Francisco-Oakland-Hayward","Contra Costa County",497848,"q4"
"115",-77.4724126,37.9065313,"jefferson davis hwy, reedy church, va 22546, usa","22546","Ruther Glen","VA","Richmond","Caroline County",206704,"q3"
"116",-122.2289685,37.7786889,"2925 e 14th st, oakland, ca 94601, usa","94601","Oakland","CA","San Francisco-Oakland-Hayward","Alameda County",587357,"q4"
"117",-121.4787342,38.4092651,"2475 elk grove blvd, elk grove, ca 95758, usa","95758","Elk Grove","CA","Sacramento--Roseville--Arden-Arcade","Sacramento County",419876,"q4"
"118",-81.1542432,34.093988,"7138 broad river rd, irmo, sc 29063, usa","29063","Irmo","SC","Columbia","Richland County",173265,"q3"
"119",-84.9370001,33.7293696,"660 w bankhead hwy suite f, villa rica, ga 30180, usa","30180","Villa Rica","GA","Atlanta-Sandy Springs-Roswell","Carroll County",190876,"q3"
"120",-121.2833102,38.1140519,"808 w kettleman ln, lodi, ca 95240, usa","95240","Lodi","CA","Stockton-Lodi","San Joaquin County",341826,"q4"
"121",-92.0496332,30.2121102,"2435 w congress st, lafayette, la 70506, usa","70506","Lafayette","LA","Lafayette","Lafayette Parish",157474,"q2"
"122",-82.9418371,40.058369,"2933 morse rd, columbus, oh 43231, usa","43231","Columbus","OH","Columbus","Franklin County",182718,"q3"
"123",-94.8783414,36.8820451,"30 5th ave nw, miami, ok 74354, usa","74354","Miami","OK","Miami","Ottawa County",72878,"q1"
"124",-77.002422,38.9049452,"1140 3rd st ne, washington, dc 20002, usa","20002","Washington","DC","Washington-Arlington-Alexandria","District of Columbia",692341,"q4"
"125",-73.778817,40.9164914,"28 joyce rd, new rochelle, ny 10801, usa","10801","New Rochelle","NY","New York-Newark-Jersey City","Westchester County",571119,"q4"
"126",-93.7349404,41.6575193,"5355 nw 86th st, johnston, ia 50131, usa","50131","Johnston","IA","Des Moines-West Des Moines","Polk County",289718,"q4"
"127",-82.8580888,41.5207757,"205 se catawba rd store 205, port clinton, oh 43452, usa","43452","Port Clinton","OH","Port Clinton","Ottawa County",177315,"q3"
"128",-83.0102457,40.0142336,"2550 n high st, columbus, oh 43202, usa","43202","Columbus","OH","Columbus","Franklin County",272257,"q4"
"129",-121.2914867,38.6550528,"4880 san juan ave #4fair, fair oaks, ca 95628, usa","95628","Fair Oaks","CA","Sacramento--Roseville--Arden-Arcade","Sacramento County",458278,"q4"
"130",-77.7351237,39.6229169,"1101 maryland ave, hagerstown, md 21740, usa","21740","Hagerstown","MD","Hagerstown-Martinsburg","Washington County",177098,"q3"
"131",-85.9159551,41.7049055,"3900 e bristol st, elkhart, in 46514, usa","46514","Elkhart","IN","Elkhart-Goshen","Elkhart County",154250,"q2"
"132",-122.4371933,47.1212119,"14918 pacific ave s, parkland, wa 98444, usa","98444","Parkland","WA","Seattle-Tacoma-Bellevue","Pierce County",298846,"q4"
"133",-92.0934136,30.2341782,"911 alfred st, lafayette, la 70506, usa","70506","Lafayette","LA","Lafayette","Lafayette Parish",157474,"q2"
"134",-121.3009039,44.1042896,"63435 n hwy 97, bend, or 97701, usa","97701","Bend","OR","Bend-Redmond","Deschutes County",398571,"q4"
"135",-71.1019808,42.3641548,"520 massachusetts ave, cambridge, ma 02139, usa","02139",NA,NA,NA,NA,NA,"q4"
"136",-119.0407648,34.2191752,"267 arneill rd store 267, camarillo, ca 93010, usa","93010","Camarillo","CA","Oxnard-Thousand Oaks-Ventura","Ventura County",640388,"q4"
"137",-80.0731364,35.8703008,"903 randolph st store 903, thomasville, nc 27360, usa","27360","Thomasville","NC","Winston-Salem","Davidson County",136109,"q2"
"138",-81.7646026,40.8521284,"1201 n main st, orrville, oh 44667, usa","44667","Orrville","OH","Wooster","Wayne County",149423,"q2"
"139",-106.6727149,35.1728954,"6636 caminito coors nw, albuquerque, nm 87120, usa","87120","Albuquerque","NM","Albuquerque","Bernalillo County",214370,"q3"
"140",-122.2889538,47.8199056,"4027 198th st sw, lynnwood, wa 98036, usa","98036","Lynnwood","WA","Seattle-Tacoma-Bellevue","Snohomish County",545819,"q4"
"141",-91.9443229,38.8691466,"2055 n bluff st, fulton, mo 65251, usa","65251","Fulton","MO","Jefferson City","Callaway County",144119,"q2"
"142",-76.7351852,38.9415552,"3871 evergreen pkwy, bowie, md 20716, usa","20716","Bowie","MD","Washington-Arlington-Alexandria","Prince Georges County",329175,"q4"
"143",-98.4238198,34.6153573,"616 nw sheridan rd, lawton, ok 73505, usa","73505","Lawton","OK","Lawton","Comanche County",99878,"q1"
"144",-79.7807694,36.1017266,"2108 n church st, greensboro, nc 27405, usa","27405","Greensboro","NC","Greensboro-High Point","Guilford County",119321,"q2"
"145",-81.5196813,30.6181957,"474264 e state rd 200 #200fernandina, fernandina beach, fl 32034, usa","32034","Fernandina Beach","FL","Jacksonville","Nassau County",382966,"q4"
"146",-77.6029726,42.9494066,"201 w main st, honeoye falls, ny 14472, usa","14472","Honeoye Falls","NY","Rochester","Monroe County",267069,"q4"
"147",-111.9770705,33.3792137,"2700 w baseline rd, tempe, az 85283, usa","85283","Tempe","AZ","Phoenix-Mesa-Scottsdale","Maricopa County",299549,"q4"
"148",-118.353089,33.912318,"13245 hawthorne blvd, hawthorne, ca 90250, usa","90250","Hawthorne","CA","Los Angeles-Long Beach-Anaheim","Los Angeles County",672690,"q4"
"149",-91.035,41.4473687,"427 lake park blvd, muscatine, ia 52761, usa","52761","Muscatine","IA","Muscatine","Muscatine County",130567,"q2"
"150",-95.9236854,36.0473234,"8028 s yale ave, tulsa, ok 74136, usa","74136","Tulsa","OK","Tulsa","Tulsa County",188736,"q3"
"151",-97.6026539,30.453709,"1701 farm to market 685, pflugerville, tx 78660, usa","78660","Pflugerville","TX","Austin-Round Rock","Travis County",270712,"q4"
"152",-97.3549897,35.450203,"9903 se 15th st, midwest city, ok 73130, usa","73130","Midwest City","OK","Oklahoma City","Oklahoma County",145707,"q2"
"153",-122.2539563,38.1661997,"100 w american canyon rd, american canyon, ca 94503, usa","94503","American Canyon","CA","Napa","Napa County",580090,"q4"
"154",-84.3656465,33.815029,"2135 piedmont rd ne, atlanta, ga 30324, usa","30324","Atlanta","GA","Atlanta-Sandy Springs-Roswell","Fulton County",411411,"q4"
"155",-76.3401623,36.8349808,"3110 high st, portsmouth, va 23707, usa","23707","Portsmouth","VA","Virginia Beach-Norfolk-Newport News","Portsmouth City",163789,"q2"
"156",-95.2722522,29.5606456,"3265 e broadway st, pearland, tx 77581, usa","77581","Pearland","TX","Houston-The Woodlands-Sugar Land","Brazoria County",264777,"q4"
"157",-93.946004,44.1730467,"2024 adams st, mankato, mn 56001, usa","56001","Mankato","MN","Mankato-North Mankato","Blue Earth County",215033,"q3"
"158",-80.4666606,37.7680539,"15 red oaks shopping center, ronceverte, wv 24970, usa","24970","Ronceverte","WV","","Greenbrier County",109254,"q2"
"159",-81.397836,28.4563842,"7531 s orange blossom trail, orlando, fl 32809, usa","32809","Pine Castle","FL","Orlando-Kissimmee-Sanford","Orange County",210335,"q3"
"160",-106.7728642,32.2979661,"1256 el paseo rd, las cruces, nm 88001, usa","88001","Las Cruces","NM","Las Cruces","Dona Ana County",124483,"q2"
"161",-122.838056,45.1428402,"948 n pacific hwy, woodburn, or 97071, usa","97071","Woodburn","OR","Salem","Marion County",290223,"q4"
"162",-97.9315742,30.302852,"12400 tx-71, bee cave, tx 78738, usa","78738","Bee Cave","TX","Austin-Round Rock","Travis County",601240,"q4"
"163",-91.2209947,43.7740302,"3954 mormon coulee rd, la crosse, wi 54601, usa","54601","La Crosse","WI","La Crosse-Onalaska","La Crosse County",172108,"q3"
"164",-81.2262883,42.9409169,"965 wellington rd, london, on n6e, canada","canada",NA,NA,NA,NA,NA,"q4"
"165",-121.9772931,37.38934,"2800 mission college blvd, santa clara, ca 95054, usa","95054","Santa Clara","CA","San Jose-Sunnyvale-Santa Clara","Santa Clara County",1206552,"q4"
"166",-87.179874,30.5951795,"4325 woodbine rd, pace, fl 32571, usa","32571","Pace","FL","Pensacola-Ferry Pass-Brent","Santa Rosa County",209657,"q3"
"167",-80.3510159,25.732377,"9600 sw 40th st, miami, fl 33165, usa","33165","University Park","FL","Miami-Fort Lauderdale-West Palm Beach","Miami-Dade County",387632,"q4"
"168",-114.3329925,34.4760323,"1990 mcculloch blvd n d, lake havasu city, az 86403, usa","86403","Lake Havasu City","AZ","Lake Havasu City-Kingman","Mohave County",254073,"q3"
"169",-74.9760828,39.9407137,"2835 nj-73, maple shade township, nj 08052, usa","08052",NA,NA,NA,NA,NA,"q4"
"170",-75.1937494,39.9628848,"3509 spring garden st, philadelphia, pa 19104, usa","19104","Philadelphia","PA","Philadelphia-Camden-Wilmington","Philadelphia County",177089,"q3"
"171",-83.1228873,40.6000912,"345 e fairground st, marion, oh 43302, usa","43302","Marion","OH","Marion","Marion County",90873,"q1"
"172",-85.8538217,31.2959631,"114 s industrial blvd store 114, enterprise, al 36330, usa","36330","Enterprise","AL","Enterprise","Coffee County",142731,"q2"
"173",-82.606427,35.522315,"1118 brevard rd, asheville, nc 28806, usa","28806","Asheville","NC","Asheville","Buncombe County",272335,"q4"
"174",-82.600578,36.9665566,"205 ridgeview rd sw, wise, va 24293, usa","24293","Wise","VA","Big Stone Gap","Wise County",116737,"q2"
"175",-79.938726,36.748937,"5833 virginia ave, bassett, va 24055, usa","24055","Bassett","VA","Martinsville","Henry County",86172,"q1"
"176",-80.2575023,36.1249889,"2701 university pkwy, winston-salem, nc 27105, usa","27105","Winston-Salem","NC","Winston-Salem","Forsyth County",83979,"q1"
"177",-104.8649814,39.7392271,"10590 e colfax ave, aurora, co 80010, usa","80010","Aurora","CO","Denver-Aurora-Lakewood","Arapahoe County",310074,"q4"
"178",-88.9539648,40.5159722,"302 landmark dr, normal, il 61761, usa","61761","Normal","IL","Bloomington","McLean County",160196,"q2"
"179",-97.898901,38.07339,"1707 waldron st, hutchinson, ks 67502, usa","67502","Hutchinson","KS","Hutchinson","Reno County",152352,"q2"
"180",-83.2284332,42.1423332,"20080 west rd, woodhaven, mi 48183, usa","48183","Trenton","MI","Detroit-Warren-Dearborn","Wayne County",174661,"q3"
"181",-84.7686831,34.778308,"920 n 3rd ave, chatsworth, ga 30705, usa","30705","Chatsworth","GA","Dalton","Murray County",138721,"q2"
"182",-80.4192312,37.1648604,"255 peppers ferry rd ne, christiansburg, va 24073, usa","24073","Christiansburg","VA","Blacksburg-Christiansburg-Radford","Montgomery County",194145,"q3"
"183",-84.5361373,33.3427629,"1200 ga-74 #1, peachtree city, ga 30269, usa","30269","Peachtree City","GA","Atlanta-Sandy Springs-Roswell","Fayette County",357069,"q4"
"184",-122.5695908,45.4978222,"9015 se powell blvd, portland, or 97266, usa","97266","Portland","OR","Portland-Vancouver-Hillsboro","Multnomah County",323942,"q4"
"185",-121.8873859,38.0075172,"396 atlantic avenue atlantic plaza shopping center, pittsburg, ca 94565, usa","94565","Pittsburg","CA","San Francisco-Oakland-Hayward","Contra Costa County",579734,"q4"
"186",-80.6777288,28.2265894,"7007 n wickham rd, melbourne, fl 32940, usa","32940","Melbourne","FL","Palm Bay-Melbourne-Titusville","Brevard County",318360,"q4"
"187",-83.6417783,43.0209628,"501 s averill ave, flint, mi 48506, usa","48506","Flint","MI","Flint","Genesee County",37184,"q1"
"188",-122.4620016,48.7742415,"1115 e sunset dr, bellingham, wa 98226, usa","98226","Bellingham","WA","Bellingham","Whatcom County",448251,"q4"
"189",-98.459267,29.505762,"8001 n new braunfels ave, san antonio, tx 78209, usa","78209","San Antonio","TX","San Antonio-New Braunfels","Bexar County",391066,"q4"
"190",-157.895076,21.3362215,"2610 kilihau st, honolulu, hi 96819, usa","96819","Honolulu","HI","Urban Honolulu","Honolulu County",837482,"q4"
"191",-80.2752281,39.2821577,"1210 w main st, bridgeport, wv 26330, usa","26330","Bridgeport","WV","Clarksburg","Harrison County",221439,"q3"
"192",-97.9653313,34.5186825,"1300 us-81, duncan, ok 73533, usa","73533","Duncan","OK","Duncan","Stephens County",83292,"q1"
"193",-121.4991545,38.6254484,"3291 truxel rd #4sacramento, sacramento, ca 95833, usa","95833","Sacramento","CA","Sacramento--Roseville--Arden-Arcade","Sacramento County",326884,"q4"
"194",-86.5140591,36.5779197,"304 s broadway, portland, tn 37148, usa","37148","Portland","TN","Nashville-Davidson--Murfreesboro--Franklin","Sumner County",190708,"q3"
"195",-76.7643374,39.2876579,"6600 baltimore national pike, catonsville, md 21228, usa","21228","Catonsville","MD","Baltimore-Columbia-Towson","Baltimore County",315166,"q4"
"196",-92.5048245,34.6213856,"4910 ar-5 n, bryant, ar 72022, usa","72022","Bryant","AR","Little Rock-North Little Rock-Conway","Saline County",166180,"q3"
"197",-75.9265909,40.3861923,"3413 n 5th street hwy, reading, pa 19605, usa","19605","Muhlenberg Township","PA","Reading","Berks County",175763,"q3"
"198",-118.6920541,34.2729421,"5145 e los angeles ave, simi valley, ca 93063, usa","93063","Simi Valley","CA","Oxnard-Thousand Oaks-Ventura","Ventura County",597407,"q4"
"199",NA,NA,NA,NA,NA,NA,NA,NA,NA,"q4"
"200",-76.5577188,39.398198,"1753 e joppa rd, parkville, md 21234, usa","21234","Parkville","MD","Baltimore-Columbia-Towson","Baltimore County",211247,"q3"
"201",-74.0560827,41.459342,"374 windsor hwy, new windsor, ny 12553, usa","12553","Town of New Windsor","NY","New York-Newark-Jersey City","Orange County",262769,"q3"
"202",-90.1120473,30.0198345,"214 robert e lee blvd, new orleans, la 70124, usa","70124","New Orleans","LA","New Orleans-Metairie","Orleans Parish",465964,"q4"
"203",-119.7417809,38.9370674,"1362 u.s. hwy 395 n, gardnerville, nv 89410, usa","89410","Gardnerville","NV","Gardnerville Ranchos","Douglas County",434156,"q4"
"204",-122.7074352,38.3466383,"100 raley's town center, rohnert park, ca 94928, usa","94928","Rohnert Park","CA","Santa Rosa","Sonoma County",560766,"q4"
"205",-85.1455128,41.1165312,"4122 lima rd, fort wayne, in 46805, usa","46805","Fort Wayne","IN","Fort Wayne","Allen County",105385,"q1"
"206",-82.4427769,28.0563834,"tampa, fl 33612, usa","33612","Tampa","FL","Tampa-St. Petersburg-Clearwater","Hillsborough County",167657,"q3"
"207",-118.2431829,34.225841,"2926 foothill blvd, la crescenta-montrose, ca 91214, usa","91214","Glendale","CA","Los Angeles-Long Beach-Anaheim","Los Angeles County",874549,"q4"
"208",-121.1752676,44.2958298,"2067 nw 6th st, redmond, or 97756, usa","97756","Redmond","OR","Bend-Redmond","Deschutes County",328968,"q4"
"209",-79.4186948,36.6749721,"4044 franklin turnpike, danville, va 24540, usa","24540","Danville","VA","Danville","Danville City",85573,"q1"
"210",-122.3942515,40.5861701,"1242 center st, redding, ca 96001, usa","96001","Redding","CA","Redding","Shasta County",286437,"q4"
"211",-79.977843,37.2858069,"2502 melrose ave nw, roanoke, va 24017, usa","24017","Roanoke","VA","Roanoke","Roanoke City",103883,"q1"
"212",-117.0600871,32.7840217,"6378 del cerro blvd, san diego, ca 92120, usa","92120","San Diego","CA","San Diego-Carlsbad","San Diego County",675851,"q4"
"213",-106.268474,31.7585688,"1861 joe battle blvd ste 8, el paso, tx 79936, usa","79936","El Paso","TX","El Paso","El Paso County",134103,"q2"
"214",-81.8084911,38.4108063,"210 nitro market pl, nitro, wv 25143, usa","25143","Nitro","WV","Charleston","Kanawha County",88403,"q1"
"215",-78.1832508,38.9085053,"280 remount rd, front royal, va 22630, usa","22630","Front Royal","VA","Washington-Arlington-Alexandria","Warren County",231547,"q3"
"216",-91.9164504,42.678229,"120 w charles st, oelwein, ia 50662, usa","50662","Oelwein","IA","","Fayette County",69435,"q1"
"217",-119.727017,39.5894974,"5342 sparks blvd, sparks, nv 89436, usa","89436","Sparks","NV","Reno","Washoe County",394507,"q4"
"218",-111.0619195,45.7055104,"simmental way, bozeman, mt 59715, usa","59715","Bozeman","MT","Bozeman","Gallatin County",570997,"q4"
"219",-104.8597821,38.8458617,"2304 w colorado ave, colorado springs, co 80904, usa","80904","Colorado Springs","CO","Colorado Springs","El Paso County",318874,"q4"
"220",-104.7552115,38.7908456,"2855 s academy blvd, colorado springs, co 80916, usa","80916","Colorado Springs","CO","Colorado Springs","El Paso County",253440,"q3"
"221",-80.7016666,34.8482907,"8401 providence rd s, waxhaw, nc 28173, usa","28173","Waxhaw","NC","Charlotte-Concord-Gastonia","Union County",415547,"q4"
"222",-96.8722933,32.7811324,"3020 n westmoreland rd, dallas, tx 75212, usa","75212","Dallas","TX","Dallas-Fort Worth-Arlington","Dallas County",167246,"q3"
"223",-121.4011052,38.6103542,"2450 fulton ave, sacramento, ca 95825, usa","95825","Arden-Arcade","CA","Sacramento--Roseville--Arden-Arcade","Sacramento County",322303,"q4"
"224",-112.2512993,33.5914239,"8517 w grand ave, peoria, az 85345, usa","85345","Peoria","AZ","Phoenix-Mesa-Scottsdale","Maricopa County",229129,"q3"
"225",-72.3405823,42.1628034,"1581 n main st, palmer, ma 01069, usa","01069",NA,NA,NA,NA,NA,"q4"
"226",-90.5171064,38.7838926,"1 westbury dr bldg b, suite 220, st charles, mo 63301, usa","63301","Saint Charles","MO","St. Louis","Saint Charles County",205518,"q3"
"227",-80.5922497,28.1817596,"1150 florida a1a, satellite beach, fl 32937, usa","32937","Satellite Beach","FL","Palm Bay-Melbourne-Titusville","Brevard County",332709,"q4"
"228",-78.921989,36.741115,"4125 halifax rd, south boston, va 24592, usa","24592","South Boston","VA","","Halifax County",110365,"q2"
"229",-80.945907,34.0518378,"2225 decker blvd, columbia, sc 29206, usa","29206","Forest Acres","SC","Columbia","Richland County",250808,"q3"
"230",-82.4492108,34.8520349,"3229 w blue ridge dr, greenville, sc 29611, usa","29611","Greenville","SC","Greenville-Anderson-Mauldin","Greenville County",122175,"q2"
"231",-111.946955,33.3328867,"575 w warner rd, tempe, az 85284, usa","85284","Tempe","AZ","Phoenix-Mesa-Scottsdale","Maricopa County",466265,"q4"
"232",-89.0257998,42.2639156,"4618 e state st, rockford, il 61108, usa","61108","Rockford","IL","Rockford","Winnebago County",97055,"q1"
"233",-118.3744595,33.9757732,"6933 la tijera blvd, los angeles, ca 90045, usa","90045","Los Angeles","CA","Los Angeles-Long Beach-Anaheim","Los Angeles County",1197634,"q4"
"234",-93.2884865,30.8635785,"1025 n pine st, deridder, la 70634, usa","70634","Deridder","LA","DeRidder","Beauregard Parish",162537,"q2"
"235",-85.9951892,39.8972627,"9761 fall creek rd, indianapolis, in 46256, usa","46256","Indianapolis","IN","Indianapolis-Carmel-Anderson","Marion County",230165,"q3"
"236",-111.8756294,33.621133,"14858 n frank lloyd wright blvd, scottsdale, az 85260, usa","85260","Scottsdale","AZ","Phoenix-Mesa-Scottsdale","Maricopa County",468752,"q4"
"237",-98.621522,29.4653307,"6401 northwest loop 410, san antonio, tx 78238, usa","78238","San Antonio","TX","San Antonio-New Braunfels","Bexar County",170523,"q3"
"238",-74.9737216,39.9423194,"2834 nj-73, maple shade township, nj 08052, usa","08052",NA,NA,NA,NA,NA,"q4"
"239",-79.9528451,37.3490124,"roanoke, va 24019, usa","24019","Roanoke","VA","Roanoke","Roanoke City",190443,"q3"
"240",-98.342947,40.9260294,"grand island, ne 68802, usa","68802",NA,NA,NA,NA,NA,"q4"
"241",-118.2013182,34.139493,"1600 colorado blvd, los angeles, ca 90041, usa","90041","Los Angeles","CA","Los Angeles-Long Beach-Anaheim","Los Angeles County",884224,"q4"
"242",-99.163185,30.059624,"1048 junction hwy, kerrville, tx 78028, usa","78028","Kerrville","TX","Kerrville","Kerr County",231011,"q3"
"243",-80.4788768,25.5873495,"19120 sw 177th ave, miami, fl 33187, usa","33187","Richmond West","FL","Miami-Fort Lauderdale-West Palm Beach","Miami-Dade County",395123,"q4"
"244",-84.5288729,33.87691,"3205 s cobb dr se, smyrna, ga 30080, usa","30080","Smyrna","GA","Atlanta-Sandy Springs-Roswell","Cobb County",304221,"q4"
"245",-89.3019625,43.114662,"4602 sycamore ave, madison, wi 53704, usa","53704","Madison","WI","Madison","Dane County",236788,"q3"
"246",-116.8937865,47.7223652,"4040 e 16th ave, post falls, id 83854, usa","83854","Post Falls","ID","Coeur d'Alene","Kootenai County",318576,"q4"
"247",-85.975065,41.7402529,"120 sanford school rd e, elkhart, in 46514, usa","46514","Elkhart","IN","Elkhart-Goshen","Elkhart County",154250,"q2"
"248",-85.1583064,35.041539,"chattanooga, tn 37421, usa","37421","Chattanooga","TN","Chattanooga","Hamilton County",218589,"q3"
"249",-112.4908689,34.5640538,"1375 w iron springs rd, prescott, az 86305, usa","86305","Prescott","AZ","Prescott","Yavapai County",469204,"q4"
"250",-85.7606166,38.2315502,"1325 s 4th st, louisville, ky 40208, usa","40208","Louisville","KY","Louisville/Jefferson County","Jefferson County",72975,"q1"
"251",-89.0921386,30.3875619,"3018 25th ave, gulfport, ms 39501, usa","39501","Gulfport","MS","Gulfport-Biloxi-Pascagoula","Harrison County",74508,"q1"
"252",-82.2689348,27.922553,"1005 lithia pinecrest rd, brandon, fl 33511, usa","33511","Brandon","FL","Tampa-St. Petersburg-Clearwater","Hillsborough County",233301,"q3"
"253",-83.7097013,32.8732288,"4650 forsyth rd, macon, ga 31210, usa","31210","Macon","GA","Macon-Bibb County","Bibb County",188379,"q3"
"254",-75.6239457,41.4778311,"2243 scranton carbondale hwy, scranton, pa 18508, usa","18508","Scranton","PA","Scranton--Wilkes-Barre--Hazleton","Lackawanna County",74483,"q1"
"255",-80.868632,35.5733718,"williamson rd, davidson, nc 28117, usa","28117","Mooresville","NC","Charlotte-Concord-Gastonia","Iredell County",394907,"q4"
"256",-89.9907462,38.5986467,"125 commerce ln, fairview heights, il 62208, usa","62208","Fairview Heights","IL","St. Louis","Saint Clair County",115174,"q2"
"257",-119.7911111,36.8308333,"6437 n blackstone ave, fresno, ca 93710, usa","93710","Fresno","CA","Fresno","Fresno County",276880,"q4"
"258",-122.7337764,45.4015573,"17150 lower boones ferry rd, lake oswego, or 97035, usa","97035","Lake Oswego","OR","Portland-Vancouver-Hillsboro","Clackamas County",569082,"q4"
"259",-96.6687492,43.5143008,"4701 e 41st st, sioux falls, sd 57110, usa","57110","Sioux Falls","SD","Sioux Falls","Minnehaha County",275982,"q4"
"260",-82.1840795,28.2380269,"gall blvd, zephyrhills, fl 33541, usa","33541","Zephyrhills","FL","Tampa-St. Petersburg-Clearwater","Pasco County",189514,"q3"
"261",-87.1726389,38.6477223,"301 e highland ave, washington, in 47501, usa","47501","Washington","IN","Washington","Daviess County",106781,"q2"
"262",-84.3484039,33.9293624,"1165 perimeter center w, atlanta, ga 30346, usa","30346","Dunwoody","GA","Atlanta-Sandy Springs-Roswell","Dekalb County",355440,"q4"
"263",-104.8604776,38.846221,"2324 w colorado ave, colorado springs, co 80904, usa","80904","Colorado Springs","CO","Colorado Springs","El Paso County",318874,"q4"
"264",-82.1707726,29.1857621,"2920 w silver springs blvd, ocala, fl 34475, usa","34475","Ocala","FL","Ocala","Marion County",107580,"q2"
"265",-82.6337838,38.4754105,"2100 winchester ave, ashland, ky 41101, usa","41101","Ashland","KY","Huntington-Ashland","Boyd County",73222,"q1"
"266",-79.710627,40.6448632,"4005 freeport rd, natrona heights, pa 15065, usa","15065","Harrison Township","PA","Pittsburgh","Allegheny County",111200,"q2"
"267",-111.7915086,33.3654128,"868 n gilbert rd, gilbert, az 85234, usa","85234","Gilbert","AZ","Phoenix-Mesa-Scottsdale","Maricopa County",347966,"q4"
"268",-97.752815,30.2748578,"914 n lamar blvd, austin, tx 78703, usa","78703","Austin","TX","Austin-Round Rock","Travis County",989881,"q4"
"269",-117.2930075,34.4712869,"16970 bear valley rd, victorville, ca 92395, usa","92395","Victorville","CA","Riverside-San Bernardino-Ontario","San Bernardino County",254102,"q3"
"270",-120.8520922,37.4996893,"749 n golden state blvd, turlock, ca 95380, usa","95380","Turlock","CA","Modesto","Stanislaus County",306862,"q4"
"271",-94.347642,32.157132,"606 w panola st, carthage, tx 75633, usa","75633","Carthage","TX","","Panola County",148867,"q2"
"272",-78.8968195,38.41985,"2475 s main st suite b-2harrisonburg, harrisonburg, va 22801, usa","22801","Harrisonburg","VA","Harrisonburg","Harrisonburg City",253818,"q3"
"273",-86.7783463,35.4474432,"130 the acres, lewisburg, tn 37091, usa","37091","Lewisburg","TN","Lewisburg","Marshall County",143031,"q2"
"274",-83.7138113,32.7416015,"6200 skipper rd, macon, ga 31216, usa","31216","Macon","GA","Macon-Bibb County","Bibb County",149497,"q2"
"275",-112.508161,45.9715485,"harrison ave, butte, mt 59701, usa","59701","Butte","MT","Butte-Silver Bow","Silver Bow County",144042,"q2"
"276",-71.2339604,42.4130563,"1100 lexington st, waltham, ma 02452, usa","02452",NA,NA,NA,NA,NA,"q4"
"277",-121.841227,38.0120808,"2701 w 10th st, antioch, ca 94509, usa","94509","Antioch","CA","San Francisco-Oakland-Hayward","Contra Costa County",282916,"q4"
"278",-86.1891584,42.670399,"3467 blue star hwy #500saugatuck, saugatuck, mi 49453, usa","49453","Saugatuck","MI","Holland","Allegan County",361451,"q4"
"279",-86.2437555,32.3558572,"1661 perry hill rd, montgomery, al 36106, usa","36106","Montgomery","AL","Montgomery","Montgomery County",134462,"q2"
"280",-79.9853332,37.2257504,"4431 starkey rd, cave spring, va 24018, usa","24018","Roanoke","VA","Roanoke","Roanoke City",240472,"q3"
"281",-80.1869608,25.8489893,"441 ne 81st st, miami, fl 33138, usa","33138","Miami","FL","Miami-Fort Lauderdale-West Palm Beach","Miami-Dade County",477486,"q4"
"282",-87.0237332,32.4134429,"1011 furniss ave store 1011, selma, al 36701, usa","36701","Selma","AL","Selma","Dallas County",67184,"q1"
"283",-98.453079,29.641198,"7401, 21230 us-281, san antonio, tx 78258, usa","78258","San Antonio","TX","San Antonio-New Braunfels","Bexar County",352581,"q4"
"284",-86.1336602,39.9137908,"1520 e 86th st, indianapolis, in 46240, usa","46240","Indianapolis","IN","Indianapolis-Carmel-Anderson","Marion County",258062,"q3"
"285",-93.8074471,32.3981132,"9361 mansfield rd, shreveport, la 71118, usa","71118","Shreveport","LA","Shreveport-Bossier City","Caddo Parish",131530,"q2"
"286",-123.3358757,42.4206166,"1642 williams hwy, grants pass, or 97527, usa","97527","Grants Pass","OR","Grants Pass","Josephine County",309274,"q4"
"287",-89.8158907,44.3710144,"2561 8th st s, wisconsin rapids, wi 54494, usa","54494","Wisconsin Rapids","WI","Wisconsin Rapids-Marshfield","Wood County",129406,"q2"
"288",-84.22613,31.6199042,"2728 dawson rd, albany, ga 31707, usa","31707","Albany","GA","Albany","Dougherty County",97897,"q1"
"289",-117.3158289,34.515586,"14580 7th st, victorville, ca 92395, usa","92395","Victorville","CA","Riverside-San Bernardino-Ontario","San Bernardino County",254102,"q3"
"290",-78.8242363,42.7327421,"6000 south park ave, hamburg, ny 14075, usa","14075","Town of Hamburg","NY","Buffalo-Cheektowaga-Niagara Falls","Erie County",200391,"q3"
"291",-92.0669889,30.2007407,"3840 w congress st, lafayette, la 70506, usa","70506","Lafayette","LA","Lafayette","Lafayette Parish",157474,"q2"
"292",NA,NA,NA,NA,NA,NA,NA,NA,NA,"q4"
"293",-85.3703799,40.1596463,"1413 e 29th st, muncie, in 47302, usa","47302","Muncie","IN","Muncie","Delaware County",44670,"q1"
"294",-76.0279939,40.1338616,"1367 weaverland rd, east earl, pa 17519, usa","17519","East Earl Township","PA","Lancaster","Lancaster County",273446,"q4"
"295",-84.3399082,34.0421279,"10779 alpharetta hwy, roswell, ga 30076, usa","30076","Roswell","GA","Atlanta-Sandy Springs-Roswell","Fulton County",373172,"q4"
"296",-90.1810973,30.0056405,"4329 veterans memorial blvd, metairie, la 70006, usa","70006","Metairie","LA","New Orleans-Metairie","Jefferson Parish",271859,"q4"
"297",-75.0012191,39.8274066,"222 s white horse pike, stratford, nj 08084, usa","08084",NA,NA,NA,NA,NA,"q4"
"298",-82.5564559,28.0684157,"tampa, fl 33625, usa","33625","Citrus Park","FL","Tampa-St. Petersburg-Clearwater","Hillsborough County",259515,"q3"
"299",-122.324385,47.619044,"115 belmont ave e, seattle, wa 98102, usa","98102","Seattle","WA","Seattle-Tacoma-Bellevue","King County",724999,"q4"
"300",-121.8920346,36.9758006,"9043 soquel dr, aptos, ca 95003, usa","95003","Aptos","CA","Santa Cruz-Watsonville","Santa Cruz County",907545,"q4"
"301",-75.627625,40.582151,"7720 main st, fogelsville, pa 18051, usa","18051","Weisenberg Township","PA","Allentown-Bethlehem-Easton","Lehigh County",331652,"q4"
"302",-96.9936579,32.8465999,"2935 n belt line rd, irving, tx 75062, usa","75062","Irving","TX","Dallas-Fort Worth-Arlington","Dallas County",216252,"q3"
"303",-82.6533658,35.7914535,"3660 us-25, marshall, nc 28753, usa","28753","Marshall","NC","Asheville","Madison County",211013,"q3"
"304",-80.3375799,36.0672461,"4550 kester mill rd, winston-salem, nc 27103, usa","27103","Winston-Salem","NC","Winston-Salem","Forsyth County",169202,"q3"
"305",-122.2854589,37.849419,"6624 san pablo ave store 6624, oakland, ca 94608, usa","94608","Oakland","CA","San Francisco-Oakland-Hayward","Alameda County",742323,"q4"
"306",-122.6968856,45.523575,"2215 w burnside st, portland, or 97210, usa","97210","Portland","OR","Portland-Vancouver-Hillsboro","Multnomah County",803171,"q4"
"307",-86.9442972,38.388569,"201 us-231, jasper, in 47546, usa","47546","Jasper","IN","Jasper","Dubois County",179052,"q3"
"308",-79.9100071,37.3952977,"125 commons pkwy, daleville, va 24083, usa","24083","Daleville","VA","Roanoke","Botetourt County",321413,"q4"
"309",-84.3820554,33.7728215,"160 ponce de leon ave ne, atlanta, ga 30308, usa","30308","Atlanta","GA","Atlanta-Sandy Springs-Roswell","Fulton County",290460,"q4"
"310",-91.657211,42.034796,"1441 blairs ferry rd ne, cedar rapids, ia 52402, usa","52402","Cedar Rapids","IA","Cedar Rapids","Linn County",149497,"q2"
"311",-79.0625692,35.0310168,"9550 cliffdale rd, fayetteville, nc 28314, usa","28314","Fayetteville","NC","Fayetteville","Cumberland County",123209,"q2"
"312",-75.8764518,40.3299966,"3001 st lawrence ave, reading, pa 19606, usa","19606","Exeter Township","PA","Reading","Berks County",183839,"q3"
"313",-79.7509843,39.9098255,"1003 mall run rd, uniontown, pa 15401, usa","15401","Uniontown","PA","Pittsburgh","Fayette County",109633,"q2"
"314",-78.9223269,40.3265737,"248 main st, johnstown, pa 15901, usa","15901","Johnstown","PA","Johnstown","Cambria County",22637,"q1"
"315",-83.6820434,42.2340772,"3782 carpenter rd, ypsilanti, mi 48197, usa","48197","Ypsilanti","MI","Ann Arbor","Washtenaw County",235532,"q3"
"316",-118.6018871,34.1994957,"7107 owensmouth ave, canoga park, ca 91303, usa","91303","Los Angeles","CA","Los Angeles-Long Beach-Anaheim","Los Angeles County",549441,"q4"
"317",-77.8516421,40.7829331,"424 westerly pkwy, state college, pa 16801, usa","16801","State College","PA","State College","Centre County",306936,"q4"
"318",-91.4694338,39.3177297,"1295 us-54, vandalia, mo 63382, usa","63382","Vandalia","MO","Mexico","Audrain County",64274,"q1"
"319",-80.4987003,35.6675636,"836 jake alexander blvd w, salisbury, nc 28147, usa","28147","Salisbury","NC","Charlotte-Concord-Gastonia","Rowan County",177804,"q3"
"320",-91.3457946,37.9695503,"47 mo-8, steelville, mo 65565, usa","65565","Steelville","MO","","Crawford County",119302,"q2"
"321",-97.23895,32.876535,"7201 rufe snow dr, watauga, tx 76148, usa","76148","Watauga","TX","Dallas-Fort Worth-Arlington","Tarrant County",190929,"q3"
"322",-86.2554713,42.4024638,"340 73.50 st, south haven, mi 49090, usa","49090","South Haven","MI","Kalamazoo-Portage","Van Buren County",226862,"q3"
"323",-118.4357572,34.0370898,"11151 w pico blvd, los angeles, ca 90064, usa","90064","Los Angeles","CA","Los Angeles-Long Beach-Anaheim","Los Angeles County",1570843,"q4"
"324",-75.264586,39.9408709,"201 e baltimore ave, lansdowne, pa 19050, usa","19050","Lansdowne","PA","Philadelphia-Camden-Wilmington","Delaware County",147344,"q2"
"325",-80.2681105,27.2310815,"1101 nw 21st st, stuart, fl 34994, usa","34994","Stuart","FL","Port St. Lucie","Martin County",167301,"q3"
"326",-119.0889509,46.2305041,"307 w columbia st, pasco, wa 99301, usa","99301","Pasco","WA","Kennewick-Richland","Franklin County",273236,"q4"
"327",-92.0854252,37.9980834,"508 5th st, dixon, mo 65459, usa","65459","Dixon","MO","Fort Leonard Wood","Pulaski County",135786,"q2"
"328",-82.5623293,35.702546,"50 weaver blvd, weaverville, nc 28787, usa","28787","Weaverville","NC","Asheville","Buncombe County",318438,"q4"
"329",-121.2703272,38.6141472,"1945 zinfandel dr, rancho cordova, ca 95670, usa","95670","Rancho Cordova","CA","Sacramento--Roseville--Arden-Arcade","Sacramento County",360688,"q4"
"330",-84.0304557,41.8776647,"1357 division st, adrian, mi 49221, usa","49221","Adrian","MI","Adrian","Lenawee County",135795,"q2"
"331",-86.6898277,41.6265321,"1509 e lincolnway, la porte, in 46350, usa","46350","La Porte","IN","Michigan City-La Porte","La Porte County",165253,"q3"
"332",-79.8780547,37.3422151,"5981 cloverdale rd, roanoke, va 24019, usa","24019","Roanoke","VA","Roanoke","Roanoke City",190443,"q3"
"333",-70.2323052,44.1222196,"939 turner st, auburn, me 04210, usa","04210",NA,NA,NA,NA,NA,"q4"
"334",-122.9262527,44.046017,"5810 main st, springfield, or 97478, usa","97478","Springfield","OR","Eugene","Lane County",296558,"q4"
"335",-91.9468247,30.1393087,"1214 albertson pkwy, broussard, la 70518, usa","70518","Broussard","LA","Lafayette","Lafayette Parish",205208,"q3"
"336",-73.0786191,41.8219569,"1849 e main st, torrington, ct 06790, usa","06790",NA,NA,NA,NA,NA,"q4"
"337",-80.9154698,34.1385105,"4221 hardscrabble rd, columbia, sc 29223, usa","29223","Columbia","SC","Columbia","Richland County",139595,"q2"
"338",-116.2861196,43.5927585,"s vinnell way, boise, id 83709, usa","83709","Boise","ID","Boise City","Ada County",319838,"q4"
"339",-98.3405453,40.9032004,"1808 s locust st, grand island, ne 68801, usa","68801","Grand Island","NE","Grand Island","Hall County",134885,"q2"
"340",-84.358928,34.2524973,"8016 cumming hwy #305canton, canton, ga 30115, usa","30115","Canton","GA","Atlanta-Sandy Springs-Roswell","Cherokee County",322480,"q4"
"341",-92.4035608,34.767847,"green mountain dr, little rock, ar 72212, usa","72212","Little Rock","AR","Little Rock-North Little Rock-Conway","Pulaski County",283330,"q4"
"342",-77.4503678,39.4206754,"101 willowdale dr, frederick, md 21701, usa","21701","Frederick","MD","Washington-Arlington-Alexandria","Frederick County",301879,"q4"
"343",-78.4668025,40.0177437,"9481 lincoln hwy, bedford, pa 15522, usa","15522","Bedford Township","PA","","Bedford County",164795,"q3"
"344",-84.8001883,33.3862544,"jackson st, newnan, ga 30263, usa","30263","Newnan","GA","Atlanta-Sandy Springs-Roswell","Coweta County",195675,"q3"
"345",-105.0596686,39.77782,"5825 w 44th ave, denver, co 80212, usa","80212","Denver","CO","Denver-Aurora-Lakewood","Denver County",569280,"q4"
"346",-81.7390369,28.5437786,"1855 s grand hwy, clermont, fl 34711, usa","34711","Clermont","FL","Orlando-Kissimmee-Sanford","Lake County",279566,"q4"
"347",-88.4787593,44.266894,"4759 w michaels dr, appleton, wi 54913, usa","54913","Appleton","WI","Appleton","Outagamie County",315738,"q4"
"348",-122.3113078,47.7344329,"14500 15th ave ne, shoreline, wa 98155, usa","98155","Shoreline","WA","Seattle-Tacoma-Bellevue","King County",606182,"q4"
"349",-117.4097084,47.7435177,"9414 n division st, spokane, wa 99218, usa","99218","Spokane","WA","Spokane-Spokane Valley","Spokane County",314282,"q4"
"350",-96.1778297,33.5907699,"1655 n center st, bonham, tx 75418, usa","75418","Bonham","TX","Bonham","Fannin County",112057,"q2"
"351",-78.2684136,37.7545614,"4108 james madison hwy, fork union, va 23055, usa","23055","Bremo Bluff","VA","Charlottesville","Fluvanna County",180650,"q3"
"352",-81.3370662,28.811478,"4516 w state rd 46 #46sanford, sanford, fl 32771, usa","32771","Sanford","FL","Orlando-Kissimmee-Sanford","Seminole County",237088,"q3"
"353",-84.5122939,33.9523243,"1355 roswell rd, marietta, ga 30062, usa","30062","Marietta","GA","Atlanta-Sandy Springs-Roswell","Cobb County",354485,"q4"
"354",-72.684684,41.5532075,"955 washington st, middletown, ct 06457, usa","06457",NA,NA,NA,NA,NA,"q4"
"355",-84.3955314,39.3584702,"7773 cincinnati dayton rd store 7773, west chester township, oh 45069, usa","45069","West Chester","OH","Cincinnati","Butler County",260789,"q3"
"356",-81.9042959,26.7236215,"17940 n tamiami trail, north fort myers, fl 33903, usa","33903","North Fort Myers","FL","Cape Coral-Fort Myers","Lee County",180765,"q3"
"357",-81.5307575,30.2851605,"11160 beach blvd, jacksonville, fl 32246, usa","32246","Jacksonville","FL","Jacksonville","Duval County",210815,"q3"
"358",-95.5321094,30.0031624,"15812 champion forest dr, spring, tx 77379, usa","77379","Spring","TX","Houston-The Woodlands-Sugar Land","Harris County",258733,"q3"
"359",-92.0496332,30.2121102,"2435 w congress st, lafayette, la 70506, usa","70506","Lafayette","LA","Lafayette","Lafayette Parish",157474,"q2"
"360",-96.1690329,38.4122414,"e 12th ave, emporia, ks 66801, usa","66801","Emporia","KS","Emporia","Lyon County",108258,"q2"
"361",-74.4478522,40.6216613,"955 us-22, north plainfield, nj 07060, usa","07060",NA,NA,NA,NA,NA,"q4"
"362",-79.816389,32.8406162,"1141 6 mile rd, mt pleasant, sc 29466, usa","29466","Mount Pleasant","SC","Charleston-North Charleston","Charleston County",437217,"q4"
"363",-122.7628883,45.3053558,"8275 sw wilsonville rd, wilsonville, or 97070, usa","97070","Wilsonville","OR","Portland-Vancouver-Hillsboro","Clackamas County",472021,"q4"
"364",-89.6123256,40.6785607,"403 s olive st, peoria, il 61605, usa","61605",NA,NA,NA,NA,NA,"q4"
"365",-79.7969719,35.6928099,"1064 e dixie dr, asheboro, nc 27203, usa","27203","Asheboro","NC","Greensboro-High Point","Randolph County",111364,"q2"
"366",-95.7201925,29.8016677,"2401 n fry rd, katy, tx 77449, usa","77449","Katy","TX","Houston-The Woodlands-Sugar Land","Harris County",187963,"q3"
"367",-96.6563786,40.8193213,"4555 vine st store 4555, lincoln, ne 68503, usa","68503","Lincoln","NE","Lincoln","Lancaster County",125627,"q2"
"368",-76.6111697,39.2890884,"222 e redwood st, baltimore, md 21202, usa","21202","Baltimore","MD","Baltimore-Columbia-Towson","Baltimore City",200501,"q3"
"369",-73.6235204,45.5212388,"1244 avenue beaumont, mont-royal, qc h3p 3e5, canada","canada",NA,NA,NA,NA,NA,"q4"
"370",-71.4969994,43.2198427,"204 loudon rd, concord, nh 03301, usa","03301",NA,NA,NA,NA,NA,"q4"
"371",-86.0023901,41.529284,"66465 state rte 19, wakarusa, in 46573, usa","46573","Wakarusa","IN","Elkhart-Goshen","Elkhart County",196127,"q3"
"372",-85.2209403,34.9903607,"5740 ringgold rd, east ridge, tn 37412, usa","37412","East Ridge","TN","Chattanooga","Hamilton County",137214,"q2"
"373",-86.7783504,35.989479,"1301 wilson pike, brentwood, tn 37027, usa","37027","Brentwood","TN","Nashville-Davidson--Murfreesboro--Franklin","Williamson County",638573,"q4"
"374",-118.4743067,34.0329563,"2520 santa monica blvd, santa monica, ca 90404, usa","90404","Santa Monica","CA","Los Angeles-Long Beach-Anaheim","Los Angeles County",1052825,"q4"
"375",-91.7508015,37.9533589,"1304 forum dr, rolla, mo 65401, usa","65401","Rolla","MO","Rolla","Phelps County",147163,"q2"
"376",-81.6410521,38.3532486,"209 virginia st e, charleston, wv 25301, usa","25301","Charleston","WV","Charleston","Kanawha County",127147,"q2"
"377",-95.9746002,35.9831662,"502 w 125th pl s, jenks, ok 74037, usa","74037","Jenks","OK","Tulsa","Tulsa County",212471,"q3"
"378",-110.8748853,32.2719583,"3510 n craycroft rd, tucson, az 85718, usa","85718","Tucson","AZ","Tucson","Pima County",483961,"q4"
"379",-111.6619703,35.1915519,"963 w rte 66 #100, flagstaff, az 86001, usa","86001","Flagstaff","AZ","Flagstaff","Coconino County",391412,"q4"
"380",-86.6911,35.9977821,"6708 nolensville pike, brentwood, tn 37027, usa","37027","Brentwood","TN","Nashville-Davidson--Murfreesboro--Franklin","Williamson County",638573,"q4"
"381",-111.2297134,47.5044939,"4400 central ave, great falls, mt 59405, usa","59405","Great Falls","MT","Great Falls","Cascade County",187098,"q3"
"382",-82.6217406,35.6014435,"339 new leicester hwy, asheville, nc 28806, usa","28806","Asheville","NC","Asheville","Buncombe County",272335,"q4"
"383",-158.0909966,21.3187143,"2140 lauwiliwili st, kapolei, hi 96707, usa","96707","Kapolei","HI","Urban Honolulu","Honolulu County",647412,"q4"
"384",-81.3358157,35.7578551,"1877 n center st, hickory, nc 28601, usa","28601","Hickory","NC","Hickory-Lenoir-Morganton","Catawba County",178276,"q3"
"385",-82.3362451,40.8527079,"1611 claremont ave, ashland, oh 44805, usa","44805","Ashland","OH","Ashland","Ashland County",139165,"q2"
"386",-118.5959162,34.1789325,"21322 w oxnard st, woodland hills, ca 91367, usa","91367","Los Angeles","CA","Los Angeles-Long Beach-Anaheim","Los Angeles County",781556,"q4"
"387",-82.5481488,28.1870793,"16138 fl-54, odessa, fl 33556, usa","33556","Odessa","FL","Tampa-St. Petersburg-Clearwater","Hillsborough County",414575,"q4"
"388",-81.8190631,38.0670157,"198 state st, madison, wv 25130, usa","25130","Madison","WV","Charleston","Boone County",85168,"q1"
"389",-77.6364299,43.200781,"greece, ny 14615, usa","14615","Rochester","NY","Rochester","Monroe County",102339,"q1"
"390",-79.9326055,36.4181343,"6625 nc-135, mayodan, nc 27027, usa","27027","Mayodan","NC","Greensboro-High Point","Rockingham County",81071,"q1"
"391",-122.3008069,37.8965912,"505 san pablo ave, albany, ca 94706, usa","94706","Albany","CA","San Francisco-Oakland-Hayward","Alameda County",1051422,"q4"
"392",-73.937478,40.800794,"2211 3rd ave, new york, ny 10035, usa","10035","New York","NY","New York-Newark-Jersey City","New York County",643280,"q4"
"393",-79.7923249,36.0600579,"1235 s eugene st, greensboro, nc 27406, usa","27406","Greensboro","NC","Greensboro-High Point","Guilford County",135032,"q2"
"394",-84.893749,32.519627,"5435 woodruff farm rd, columbus, ga 31907, usa","31907","Columbus","GA","Columbus","Muscogee County",94407,"q1"
"395",-81.422726,28.363301,"3901 e village center dr, orlando, fl 32837, usa","32837","Orlando","FL","Orlando-Kissimmee-Sanford","Orange County",275024,"q4"
"396",NA,NA,NA,NA,NA,NA,NA,NA,NA,"q4"
"397",-85.576225,42.270107,"420 e. alcott st, kalamazoo, mi 49001, usa","49001","Kalamazoo","MI","Kalamazoo-Portage","Kalamazoo County",101698,"q1"
"398",-117.154692,33.5550851,"39400 murrieta hot springs rd, murrieta, ca 92563, usa","92563","Murrieta","CA","Riverside-San Bernardino-Ontario","Riverside County",449065,"q4"
"399",-84.5101112,38.9443636,"6435 taylor mill rd store 6435, independence, ky 41051, usa","41051","Independence","KY","Cincinnati","Kenton County",202469,"q3"
"400",-76.3003586,40.0541765,"1048 n plum st, lancaster, pa 17601, usa","17601","Manheim Township","PA","Lancaster","Lancaster County",257543,"q3"
"401",-87.4676332,41.4367359,"10021 earl dr, st john, in 46373, usa","46373","Saint John","IN","Chicago-Naperville-Elgin","Lake County",321420,"q4"
"402",-122.2921366,47.1390484,"12915 meridian e, puyallup, wa 98373, usa","98373","Puyallup","WA","Seattle-Tacoma-Bellevue","Pierce County",386028,"q4"
"403",-122.425842,37.6419095,"225 kenwood way, south san francisco, ca 94080, usa","94080","South San Francisco","CA","San Francisco-Oakland-Hayward","San Mateo County",1066646,"q4"
"404",-96.7699314,32.8104373,"1606 greenville ave, dallas, tx 75206, usa","75206","Dallas","TX","Dallas-Fort Worth-Arlington","Dallas County",428177,"q4"
"405",-78.7030695,39.3303935,"22240 northwestern turnpike, romney, wv 26757, usa","26757","Romney","WV","Winchester","Hampshire County",132033,"q2"
"406",-81.8305054,30.1949885,"9680 argyle forest blvd, jacksonville, fl 32222, usa","32222","Jacksonville","FL","Jacksonville","Duval County",214366,"q3"
"407",-121.2973572,38.872606,"745 ca-65, lincoln, ca 95648, usa","95648","Lincoln","CA","Sacramento--Roseville--Arden-Arcade","Placer County",494487,"q4"
"408",-98.315311,26.2561497,"300 e mile 3 rd #101palmhurst, palmhurst, tx 78573, usa","78573","Alton","TX","McAllen-Edinburg-Mission","Hidalgo County",125639,"q2"
"409",-75.5428178,40.0412475,"235 lancaster ave, malvern, pa 19355, usa","19355","Malvern","PA","Philadelphia-Camden-Wilmington","Chester County",504609,"q4"
"410",-75.0012357,39.8281464,"222 s white horse pike, stratford, nj 08084, usa","08084",NA,NA,NA,NA,NA,"q4"
"411",-92.4668281,39.7533824,"503 e briggs dr, macon, mo 63552, usa","63552","Macon","MO","","Macon County",110954,"q2"
"412",-93.260284,37.186251,"1514 s glenstone ave, springfield, mo 65804, usa","65804","Springfield","MO","Springfield","Greene County",171985,"q3"
"413",-77.4927878,38.2435192,"4701 market st a, fredericksburg, va 22408, usa","22408","Fredericksburg","VA","Washington-Arlington-Alexandria","Spotsylvania County",289853,"q4"
"414",-94.1912374,31.8106777,"1233 tenaha st, center, tx 75935, usa","75935","Center","TX","","Shelby County",101676,"q1"
"415",-122.0145276,36.978015,"815 soquel ave, santa cruz, ca 95062, usa","95062","Santa Cruz","CA","Santa Cruz-Watsonville","Santa Cruz County",886253,"q4"
"416",-122.1840615,37.4517529,"711 santa cruz ave, menlo park, ca 94025, usa","94025","Menlo Park","CA","San Francisco-Oakland-Hayward","San Mateo County",2240201,"q4"
"417",-78.7990606,39.6307822,"12000 upper potomac industrial park st, cumberland, md 21502, usa","21502","Cumberland","MD","Cumberland","Allegany County",95029,"q1"
"418",-81.3341184,40.8715037,"6252 middlebranch ave ne, canton, oh 44721, usa","44721","Canton","OH","Canton-Massillon","Stark County",180558,"q3"
"419",-84.417164,42.720652,"1860 w grand river ave, okemos, mi 48864, usa","48864","Okemos","MI","Lansing-East Lansing","Ingham County",278680,"q4"
"420",-82.6231295,27.8285689,"62nd ave ne, st. petersburg, fl 33702, usa","33702","Saint Petersburg","FL","Tampa-St. Petersburg-Clearwater","Pinellas County",224702,"q3"
"421",-82.7897915,39.9281914,"1771 hill rd n, pickerington, oh 43147, usa","43147","Pickerington","OH","Columbus","Fairfield County",260458,"q3"
"422",-87.3124849,30.5337872,"2155 w 9 mile rd, pensacola, fl 32534, usa","32534","Pensacola","FL","Pensacola-Ferry Pass-Brent","Escambia County",147488,"q2"
"423",-119.455305,35.1491015,"411 finley dr, taft, ca 93268, usa","93268","Taft","CA","Bakersfield","Kern County",127363,"q2"
"424",-89.1222209,41.3587063,"1307 38th st, peru, il 61354, usa","61354","Peru","IL","Ottawa-Peru","La Salle County",109722,"q2"
"425",-81.3143962,35.7164174,"1172 lenoir rhyne blvd se, hickory, nc 28602, usa","28602","Hickory","NC","Hickory-Lenoir-Morganton","Catawba County",140568,"q2"
"426",-81.8066481,37.0936625,"2510 s front st, richlands, va 24641, usa","24641","Richlands","VA","Bluefield","Tazewell County",81357,"q1"
"427",-88.3385812,41.857648,"450 n randall rd, batavia, il 60510, usa","60510","Batavia","IL","Chicago-Naperville-Elgin","Kane County",297161,"q4"
"428",-84.1785432,40.56588,"1240 bellefontaine st, wapakoneta, oh 45895, usa","45895","Wapakoneta","OH","Wapakoneta","Auglaize County",141560,"q2"
"429",-123.0605749,44.8920474,"4555 liberty rd s, salem, or 97302, usa","97302","Salem","OR","Salem","Marion County",320737,"q4"
"430",-92.0288879,30.1731268,"1225 kaliste saloom rd, lafayette, la 70508, usa","70508","Lafayette","LA","Lafayette","Lafayette Parish",234092,"q3"
"431",-111.0070439,32.3223424,"1891 w orange grove rd, tucson, az 85704, usa","85704","Tucson","AZ","Tucson","Pima County",305829,"q4"
"432",-86.3164014,44.2351846,"282 12th st, manistee, mi 49660, usa","49660","Manistee","MI","","Manistee County",134575,"q2"
"433",-117.075248,32.660312,"2300 sweetwater rd, national city, ca 91950, usa","91950","National City","CA","San Diego-Carlsbad","San Diego County",454005,"q4"
"434",-97.1316472,32.6710423,"4621 s cooper st, arlington, tx 76017, usa","76017","Arlington","TX","Dallas-Fort Worth-Arlington","Tarrant County",225799,"q3"
"435",-85.1455128,41.1165312,"4122 lima rd store 4122, fort wayne, in 46805, usa","46805","Fort Wayne","IN","Fort Wayne","Allen County",105385,"q1"
"436",-80.2743816,36.0897148,"2202 cloverdale ave nw, winston-salem, nc 27103, usa","27103","Winston-Salem","NC","Winston-Salem","Forsyth County",169202,"q3"
"437",-81.4898822,30.3170493,"11900 atlantic blvd, jacksonville, fl 32225, usa","32225","Jacksonville","FL","Jacksonville","Duval County",249444,"q3"
"438",-98.701711,29.4920976,"10650-10660, culebra rd, san antonio, tx 78251, usa","78251","San Antonio","TX","San Antonio-New Braunfels","Bexar County",197668,"q3"
"439",-81.961064,34.9759495,"1300 asheville hwy, spartanburg, sc 29303, usa","29303","Spartanburg","SC","Spartanburg","Spartanburg County",109977,"q2"
"440",-82.702254,30.1823173,"4281 w us hwy 90, lake city, fl 32055, usa","32055","Lake City","FL","Lake City","Columbia County",124266,"q2"
"441",-84.2768255,30.5002245,"3401 n meridian rd, tallahassee, fl 32312, usa","32312","Tallahassee","FL","Tallahassee","Leon County",307218,"q4"
"442",-80.1704081,25.9852347,"3149 w hallandale beach blvd, hallandale beach, fl 33009, usa","33009","Hallandale","FL","Miami-Fort Lauderdale-West Palm Beach","Broward County",214138,"q3"
"443",-83.421703,36.017658,"1040 tn-92, dandridge, tn 37725, usa","37725","Dandridge","TN","Morristown","Jefferson County",187790,"q3"
"444",-84.3281559,30.4390276,"300 mabry st, tallahassee, fl 32304, usa","32304","Tallahassee","FL","Tallahassee","Leon County",92870,"q1"
"445",-78.490654,35.798878,"7025 knightdale blvd, knightdale, nc 27545, usa","27545","Knightdale","NC","Raleigh","Wake County",224736,"q3"
"446",-81.243336,28.2450709,"2009 hickory tree rd, st cloud, fl 34772, usa","34772","Saint Cloud","FL","Orlando-Kissimmee-Sanford","Osceola County",261906,"q3"
"447",-89.3688603,30.3760692,"4405 e aloha dr, diamondhead, ms 39525, usa","39525","Diamondhead","MS","Gulfport-Biloxi-Pascagoula","Hancock County",164902,"q3"
"448",-84.2945073,34.0047141,"2300 holcomb bridge rd, roswell, ga 30076, usa","30076","Roswell","GA","Atlanta-Sandy Springs-Roswell","Fulton County",373172,"q4"
"449",-87.2980541,30.459923,"5998 mobile hwy, pensacola, fl 32526, usa","32526","Pensacola","FL","Pensacola-Ferry Pass-Brent","Escambia County",163399,"q2"
"450",-82.64231,27.770029,"624 1st ave s, st. petersburg, fl 33701, usa","33701","Saint Petersburg","FL","Tampa-St. Petersburg-Clearwater","Pinellas County",469194,"q4"
"451",-121.7824788,36.9197111,"1986 main st, watsonville, ca 95076, usa","95076","Watsonville","CA","Santa Cruz-Watsonville","Santa Cruz County",609584,"q4"
"452",-83.2171787,41.1099873,"2437 w market st, tiffin, oh 44883, usa","44883","Tiffin","OH","Tiffin","Seneca County",122274,"q2"
"453",-90.3459578,43.3141142,"2496 us-14, richland center, wi 53581, usa","53581","Richland Center","WI","","Richland County",137945,"q2"
"454",-119.6737728,34.4182729,"335 s milpas st, santa barbara, ca 93103, usa","93103","Santa Barbara","CA","Santa Maria-Santa Barbara","Santa Barbara County",1068357,"q4"
"455",-78.9148124,38.2845396,"51 franklin st, weyers cave, va 24486, usa","24486","Weyers Cave","VA","Staunton-Waynesboro","Augusta County",223237,"q3"
"456",-84.1506892,40.7498257,"2350 allentown rd, lima, oh 45805, usa","45805","Lima","OH","Lima","Allen County",111549,"q2"
"457",-73.7370507,45.4393185,"707 chemin bord-du-lac, dorval, qc h9s 2b9, canada","canada",NA,NA,NA,NA,NA,"q4"
"458",-110.9472893,32.2046539,"s cherrybell stra, tucson, az 85713, usa","85713","Tucson","AZ","Tucson","Pima County",148894,"q2"
"459",-112.4132264,33.4356837,"16480 w yuma rd, goodyear, az 85338, usa","85338","Goodyear","AZ","Phoenix-Mesa-Scottsdale","Maricopa County",277961,"q4"
"460",-91.6177253,37.9995603,"319 n jefferson st, st james, mo 65559, usa","65559","Saint James","MO","Rolla","Phelps County",142147,"q2"
"461",-122.1259456,37.4151801,"4085 el camino way, palo alto, ca 94306, usa","94306","Palo Alto","CA","San Jose-Sunnyvale-Santa Clara","Santa Clara County",2716541,"q4"
"462",-92.3189957,34.6848014,"scott hamilton dr, little rock, ar 72209, usa","72209","Little Rock","AR","Little Rock-North Little Rock-Conway","Pulaski County",72405,"q1"
"463",-72.7134569,41.7475115,"315 new park ave, hartford, ct 06106, usa","06106",NA,NA,NA,NA,NA,"q4"
"464",-89.8382484,35.0488185,"6745 winchester rd, memphis, tn 38115, usa","38115","Memphis","TN","Memphis","Shelby County",119710,"q2"
"465",NA,NA,NA,NA,NA,NA,NA,NA,NA,"q4"
"466",-77.0986239,38.7352841,"8228 richmond hwy, alexandria, va 22309, usa","22309","Mount Vernon","VA","Washington-Arlington-Alexandria","Fairfax County",453467,"q4"
"467",-115.2053992,35.9970104,"10600 southern highlands pkwy, las vegas, nv 89141, usa","89141","Las Vegas","NV","Las Vegas-Henderson-Paradise","Clark County",352187,"q4"
"468",-84.1669872,33.4553112,"250 jonesboro rd, mcdonough, ga 30253, usa","30253","McDonough","GA","Atlanta-Sandy Springs-Roswell","Henry County",200823,"q3"
"469",-81.9842733,34.9129585,"e blackstock rd, spartanburg, sc 29301, usa","29301","Spartanburg","SC","Spartanburg","Spartanburg County",146871,"q2"
"470",-77.0544226,35.5596214,"630 w 15th st store 630, washington, nc 27889, usa","27889","Washington","NC","Washington","Beaufort County",138969,"q2"
"471",-81.8762751,34.9756201,"dawn redwood dr, spartanburg, sc 29307, usa","29307","Spartanburg","SC","Spartanburg","Spartanburg County",161590,"q2"
"472",-79.1563283,41.8677783,"1079 market st, warren, pa 16365, usa","16365","Warren","PA","Warren","Warren County",103278,"q1"
"473",-84.0397627,34.3649666,"66 s 400 center ln ste 140-150, dawsonville, ga 30534, usa","30534","Dawsonville","GA","Atlanta-Sandy Springs-Roswell","Dawson County",250898,"q3"
"474",-95.1800515,30.0114844,"20669 w lake houston pkwy, humble, tx 77346, usa","77346","Atascocita","TX","Houston-The Woodlands-Sugar Land","Harris County",222249,"q3"
"475",-86.6022113,36.3198676,"205a indian lake blvd, hendersonville, tn 37075, usa","37075","Hendersonville","TN","Nashville-Davidson--Murfreesboro--Franklin","Sumner County",305937,"q4"
"476",-121.3458311,38.5959791,"5107 fair oaks blvd, carmichael, ca 95608, usa","95608","Carmichael","CA","Sacramento--Roseville--Arden-Arcade","Sacramento County",426111,"q4"
"477",-80.1019162,26.5135176,"3499 woolbright rd, boynton beach, fl 33436, usa","33436","Boynton Beach","FL","Miami-Fort Lauderdale-West Palm Beach","Palm Beach County",268887,"q4"
"478",-80.2341679,36.1108073,"1253 n liberty st, winston-salem, nc 27101, usa","27101","Winston-Salem","NC","Winston-Salem","Forsyth County",119011,"q2"
"479",-89.3758917,43.0810465,"10 n livingston st, madison, wi 53703, usa","53703","Madison","WI","Madison","Dane County",365249,"q4"
"480",-82.4631751,27.3528898,"1704 n honore ave, sarasota, fl 34235, usa","34235","Sarasota","FL","North Port-Sarasota-Bradenton","Sarasota County",219166,"q3"
"481",-104.9904157,39.5672296,"161 w county line rd, highlands ranch, co 80129, usa","80129","Highlands Ranch","CO","Denver-Aurora-Lakewood","Douglas County",491981,"q4"
"482",-97.323669,32.6590428,"old hemphill rd, fort worth, tx 76134, usa","76134","Fort Worth","TX","Dallas-Fort Worth-Arlington","Tarrant County",176954,"q3"
"483",-78.7959575,35.6650519,"101 matthews dr, holly springs, nc 27540, usa","27540","Holly Springs","NC","Raleigh","Wake County",337588,"q4"
"484",-121.7139516,38.5528138,"2939 spafford st, davis, ca 95618, usa","95618","Davis","CA","Sacramento--Roseville--Arden-Arcade","Yolo County",675271,"q4"
"485",-81.9046286,26.7244749,"17940 n tamiami trail #115n, north fort myers, fl 33903, usa","33903","North Fort Myers","FL","Cape Coral-Fort Myers","Lee County",180765,"q3"
"486",-87.9664816,44.4768691,"1301 brosig st, green bay, wi 54311, usa","54311","Green Bay","WI","Green Bay","Brown County",221750,"q3"
"487",-117.621909,33.4405808,"2001 calle frontera, san clemente, ca 92673, usa","92673","San Clemente","CA","Los Angeles-Long Beach-Anaheim","Orange County",959719,"q4"
"488",-82.8212175,39.9806888,"6847 e broad st, columbus, oh 43213, usa","43213","Whitehall","OH","Columbus","Franklin County",127329,"q2"
"489",-81.7146778,35.7545577,"118 bost rd, morganton, nc 28655, usa","28655","Morganton","NC","Hickory-Lenoir-Morganton","Burke County",150329,"q2"
"490",-98.274976,29.6041087,"6102 fm3009, schertz, tx 78154, usa","78154","Schertz","TX","San Antonio-New Braunfels","Guadalupe County",229759,"q3"
"491",-122.7512642,38.4255983,"2245 challenger way #104santa, santa rosa, ca 95407, usa","95407","Santa Rosa","CA","Santa Rosa","Sonoma County",524181,"q4"
"492",-123.1398295,44.0496999,"855 seneca rd, eugene, or 97402, usa","97402","Eugene","OR","Eugene","Lane County",281129,"q4"
"493",-89.603209,40.547859,"3245 court st, pekin, il 61554, usa","61554","Pekin","IL","Peoria","Tazewell County",92558,"q1"
"494",-95.7719367,44.4332542,"1200 e main st, marshall, mn 56258, usa","56258","Marshall","MN","Marshall","Lyon County",179047,"q3"
"495",-84.2074426,33.8516813,"4400 hugh howell rd, tucker, ga 30084, usa","30084","Tucker","GA","Atlanta-Sandy Springs-Roswell","Dekalb County",254774,"q3"
"496",-94.7479598,31.3369459,"301 hill st, lufkin, tx 75904, usa","75904","Lufkin","TX","Lufkin","Angelina County",134360,"q2"
"497",-98.3725107,29.5088397,"5722 walzem rd #103, san antonio, tx 78218, usa","78218","San Antonio","TX","San Antonio-New Braunfels","Bexar County",152000,"q2"
"498",-77.3697224,37.1837383,"65 crater cir, petersburg, va 23805, usa","23805","Petersburg","VA","Richmond","Petersburg City",141247,"q2"
"499",-98.5623159,33.8570295,"4609 southwest pkwy, wichita falls, tx 76310, usa","76310","Wichita Falls","TX","Wichita Falls","Wichita County",155060,"q2"
"500",-104.8205644,39.6234777,"14400 e belleview ave, aurora, co 80015, usa","80015","Aurora","CO","Denver-Aurora-Lakewood","Arapahoe County",418578,"q4"
