"","X","lon","lat","X.1","zip","city","state","metro","county_name","x2020_01","quartile","rating","address","region"
"1",1,-83.9918588,34.0342959,NA,"81505","Grand Junction","CO","Grand Junction","Mesa County",322109,"q4",5,"630 24 1/2 rd, grand junction, co 81505, usa","West"
"2",2,-121.3273114,38.63918,NA,"77581","Pearland","TX","Houston-The Woodlands-Sugar Land","Brazoria County",264777,"q4",5,"3265 e broadway st, pearland, tx 77581, usa","South"
"3",3,-84.544862,39.3507872,NA,"30308","Atlanta","GA","Atlanta-Sandy Springs-Roswell","Fulton County",290460,"q4",5,"160 ponce de leon ave ne, atlanta, ga 30308, usa","South"
"4",4,-85.6182308,30.1553369,NA,"27203","Asheboro","NC","Greensboro-High Point","Randolph County",111364,"q2",5,"1064 e dixie dr, asheboro, nc 27203, usa","South"
"5",5,-94.8046139,39.7697013,NA,"54311","Green Bay","WI","Green Bay","Brown County",221750,"q3",5,"1301 brosig st, green bay, wi 54311, usa","Midwest"
"6",6,-80.0505043,40.6030848,NA,"78154","Schertz","TX","San Antonio-New Braunfels","Guadalupe County",229759,"q3",5,"6102 fm3009, schertz, tx 78154, usa","South"
"7",7,-77.6473593,35.2610467,NA,"76310","Wichita Falls","TX","Wichita Falls","Wichita County",155060,"q2",5,"4609 southwest pkwy, wichita falls, tx 76310, usa","South"
"8",8,-85.137403,39.682032,NA,"53066","Oconomowoc","WI","Milwaukee-Waukesha-West Allis","Waukesha County",353849,"q4",4.5,"1408 summit ave, oconomowoc, wi 53066, usa","Midwest"
"9",9,-87.4567658,46.5481036,NA,"28208","Charlotte","NC","Charlotte-Concord-Gastonia","Mecklenburg County",162022,"q2",4.5,"5301 wilkinson blvd, charlotte, nc 28208, usa","South"
"10",10,-72.533387,42.143903,NA,"78738","Bee Cave","TX","Austin-Round Rock","Travis County",601240,"q4",4.5,"12400 tx-71, bee cave, tx 78738, usa","South"
"11",11,-118.493312,34.0178068,NA,"32940","Melbourne","FL","Palm Bay-Melbourne-Titusville","Brevard County",318360,"q4",4.5,"7007 n wickham rd, melbourne, fl 32940, usa","South"
"12",12,-77.412371,37.2535855,NA,"59701","Butte","MT","Butte-Silver Bow","Silver Bow County",144042,"q2",4.5,"harrison ave, butte, mt 59701, usa","West"
"13",13,-79.3552359,37.7371247,NA,"14075","Town of Hamburg","NY","Buffalo-Cheektowaga-Niagara Falls","Erie County",200391,"q3",4.5,"6000 south park ave, hamburg, ny 14075, usa","Northeast"
"14",14,-104.9878998,39.7159506,NA,"90064","Los Angeles","CA","Los Angeles-Long Beach-Anaheim","Los Angeles County",1570843,"q4",4.5,"11151 w pico blvd, los angeles, ca 90064, usa","West"
"15",15,-83.6342195,41.5387627,NA,"45069","West Chester","OH","Cincinnati","Butler County",260789,"q3",4.5,"7773 cincinnati dayton rd store 7773, west chester township, oh 45069, usa","Midwest"
"16",16,-82.0247915,33.4101757,NA,"91950","National City","CA","San Diego-Carlsbad","San Diego County",454005,"q4",4.5,"2300 sweetwater rd, national city, ca 91950, usa","West"
"17",17,-93.0060235,45.2765912,NA,"80209","Denver","CO","Denver-Aurora-Lakewood","Denver County",783183,"q4",4,"21 s broadway, denver, co 80209, usa","West"
"18",18,-95.0630932,29.8817606,NA,"55025","Forest Lake","MN","Minneapolis-St. Paul-Bloomington","Washington County",310797,"q4",4,"197 19th st sw, forest lake, mn 55025, usa","Midwest"
"19",19,-117.2000879,32.8127773,NA,"61103","Rockford","IL","Rockford","Winnebago County",70405,"q1",4,"740 w riverside blvd, rockford, il 61103, usa","Midwest"
"20",20,-88.4738202,43.0859843,NA,"76704","Waco","TX","Waco","McLennan County",66774,"q1",4,"1000 e waco dr, waco, tx 76704, usa","South"
"21",21,-85.7094217,38.325248,NA,"64836","Carthage","MO","Joplin","Jasper County",139721,"q2",4,"132 w george e phelps blvd, carthage, mo 64836, usa","Midwest"
"22",22,-81.8395266,27.2106359,NA,"33325","Davie","FL","Miami-Fort Lauderdale-West Palm Beach","Broward County",402066,"q4",4,"11366 w state rd 84, davie, fl 33325, usa","South"
"23",23,-84.6297221,33.8662259,NA,"22031","Fairfax","VA","Washington-Arlington-Alexandria","Fairfax County",594100,"q4",4,"9960 main st, fairfax, va 22031, usa","South"
"24",24,-87.6110011,38.3538072,NA,"38501","Cookeville","TN","Cookeville","Putnam County",164450,"q3",4,"575 s jefferson ave, cookeville, tn 38501, usa","South"
"25",25,-90.5372115,38.6167862,NA,"76119","Fort Worth","TX","Dallas-Fort Worth-Arlington","Tarrant County",134493,"q2",4,"2452 mansfield hwy, fort worth, tx 76119, usa","South"
"26",26,-80.1349649,26.6205011,NA,"95758","Elk Grove","CA","Sacramento--Roseville--Arden-Arcade","Sacramento County",419876,"q4",4,"2475 elk grove blvd, elk grove, ca 95758, usa","West"
"27",27,-77.4927197,38.24354,NA,"10801","New Rochelle","NY","New York-Newark-Jersey City","Westchester County",571119,"q4",4,"28 joyce rd, new rochelle, ny 10801, usa","Northeast"
"28",28,-119.1807188,34.1961377,NA,"20716","Bowie","MD","Washington-Arlington-Alexandria","Prince Georges County",329175,"q4",4,"3871 evergreen pkwy, bowie, md 20716, usa","South"
"29",29,-77.6869856,37.4038836,NA,"78209","San Antonio","TX","San Antonio-New Braunfels","Bexar County",391066,"q4",4,"8001 n new braunfels ave, san antonio, tx 78209, usa","South"
"30",30,-89.0736054,42.3139378,NA,"97756","Redmond","OR","Bend-Redmond","Deschutes County",328968,"q4",4,"2067 nw 6th st, redmond, or 97756, usa","West"
"31",31,-82.2886664,27.9804862,NA,"78028","Kerrville","TX","Kerrville","Kerr County",231011,"q3",4,"1048 junction hwy, kerrville, tx 78028, usa","South"
"32",32,-117.3146351,33.9659564,NA,"47302","Muncie","IN","Muncie","Delaware County",44670,"q1",4,"1413 e 29th st, muncie, in 47302, usa","Midwest"
"33",33,-123.096787,44.078013,NA,"18051","Weisenberg Township","PA","Allentown-Bethlehem-Easton","Lehigh County",331652,"q4",4,"7720 main st, fogelsville, pa 18051, usa","Northeast"
"34",34,-72.8745324,41.6262084,NA,"95670","Rancho Cordova","CA","Sacramento--Roseville--Arden-Arcade","Sacramento County",360688,"q4",4,"1945 zinfandel dr, rancho cordova, ca 95670, usa","West"
"35",35,-122.2496396,47.3795183,NA,"80212","Denver","CO","Denver-Aurora-Lakewood","Denver County",569280,"q4",4,"5825 w 44th ave, denver, co 80212, usa","West"
"36",36,-80.9269876,35.2317442,NA,"37027","Brentwood","TN","Nashville-Davidson--Murfreesboro--Franklin","Williamson County",638573,"q4",4,"6708 nolensville pike, brentwood, tn 37027, usa","South"
"37",37,-84.1977802,39.81673,NA,"96707","Kapolei","HI","Urban Honolulu","Honolulu County",647412,"q4",4,"2140 lauwiliwili st, kapolei, hi 96707, usa","West"
"38",38,-81.4238336,41.0244505,NA,"91367","Los Angeles","CA","Los Angeles-Long Beach-Anaheim","Los Angeles County",781556,"q4",4,"21322 w oxnard st, woodland hills, ca 91367, usa","West"
"39",39,-96.556386,33.731407,NA,"26757","Romney","WV","Winchester","Hampshire County",132033,"q2",4,"22240 northwestern turnpike, romney, wv 26757, usa","South"
"40",40,-122.6296832,38.2426252,NA,"75935","Center","TX","","Shelby County",101676,"q1",4,"1233 tenaha st, center, tx 75935, usa","South"
"41",41,-83.8489393,34.290501,NA,"93268","Taft","CA","Bakersfield","Kern County",127363,"q2",4,"411 finley dr, taft, ca 93268, usa","West"
"42",42,-97.1270096,31.5731071,NA,"30534","Dawsonville","GA","Atlanta-Sandy Springs-Roswell","Dawson County",250898,"q3",4,"66 s 400 center ln ste 140-150, dawsonville, ga 30534, usa","South"
"43",43,-121.7580585,36.9116923,NA,"95608","Carmichael","CA","Sacramento--Roseville--Arden-Arcade","Sacramento County",426111,"q4",4,"5107 fair oaks blvd, carmichael, ca 95608, usa","West"
"44",44,-80.7016933,35.3150611,NA,"78218","San Antonio","TX","San Antonio-New Braunfels","Bexar County",152000,"q2",4,"5722 walzem rd #103, san antonio, tx 78218, usa","South"
"45",45,-81.415235,28.5520058,NA,"23805","Petersburg","VA","Richmond","Petersburg City",141247,"q2",4,"65 crater cir, petersburg, va 23805, usa","South"
"46",46,-95.4336856,30.0747665,NA,"95608","Carmichael","CA","Sacramento--Roseville--Arden-Arcade","Sacramento County",426111,"q4",3.5,"4126 manzanita ave, carmichael, ca 95608, usa","West"
"47",47,-110.975822,31.854569,NA,"28504","Kinston","NC","Kinston","Lenoir County",115003,"q2",3.5,"4190 w vernon ave, kinston, nc 28504, usa","South"
"48",48,-111.3174847,34.2397055,NA,"90401","Santa Monica","CA","Los Angeles-Long Beach-Anaheim","Los Angeles County",1178492,"q4",3.5,"524 santa monica blvd, santa monica, ca 90401, usa","West"
"49",49,-111.9267249,33.3179394,NA,"92117","San Diego","CA","San Diego-Carlsbad","San Diego County",701998,"q4",3.5,"4220 balboa ave, san diego, ca 92117, usa","West"
"50",50,-157.9698987,21.394138,NA,"33463","Greenacres","FL","Miami-Fort Lauderdale-West Palm Beach","Palm Beach County",247032,"q3",3.5,"5821 lake worth rd, greenacres, fl 33463, usa","South"
"51",51,-79.0642408,38.1300309,NA,"93030","Oxnard","CA","Oxnard-Thousand Oaks-Ventura","Ventura County",551804,"q4",3.5,"330 w 6th st store 330 w, oxnard, ca 93030, usa","West"
"52",52,-89.6884401,35.0451269,NA,"23832","Chesterfield","VA","Richmond","Chesterfield County",251332,"q3",3.5,"14740 hull street rd, chesterfield, va 23832, usa","South"
"53",53,-85.0273249,35.4758338,NA,"44312","Akron","OH","Akron","Summit County",113105,"q2",3.5,"1500 canton rd, akron, oh 44312, usa","Midwest"
"54",54,-111.9072222,33.6191667,NA,"93015","Fillmore","CA","Oxnard-Thousand Oaks-Ventura","Ventura County",475660,"q4",3.5,"745 ventura st, fillmore, ca 93015, usa","West"
"55",55,-82.61706,35.570635,NA,"52240","Iowa City","IA","Iowa City","Johnson County",219061,"q3",3.5,"445 us-6, iowa city, ia 52240, usa","Midwest"
"56",56,-96.8425539,32.9986717,NA,"44319","Portage Lakes","OH","Akron","Summit County",158107,"q2",3.5,"570 e waterloo rd, akron, oh 44319, usa","Midwest"
"57",57,NA,NA,NA,"61874","Savoy","IL","Champaign-Urbana","Champaign County",233760,"q3",3.5,"1201 savoy plaza ln, savoy, il 61874, usa","Midwest"
"58",58,NA,NA,NA,"44111","Cleveland","OH","Cleveland-Elyria","Cuyahoga County",92633,"q1",3.5,"13719 lorain ave, cleveland, oh 44111, usa","Midwest"
"59",59,-95.5539348,29.9017512,NA,"90036","Los Angeles","CA","Los Angeles-Long Beach-Anaheim","Los Angeles County",1631627,"q4",3.5,"817 south la brea ave, los angeles, ca 90036, usa","West"
"60",60,NA,NA,NA,"93001","Ventura","CA","Oxnard-Thousand Oaks-Ventura","Ventura County",651751,"q4",3.5,"404 e main st, ventura, ca 93001, usa","West"
"61",61,-79.038815,38.0347262,NA,"30084","Tucker","GA","Atlanta-Sandy Springs-Roswell","Dekalb County",254774,"q3",3.5,"3983 lavista rd #136tucker, tucker, ga 30084, usa","South"
"62",62,-111.6988976,33.4170135,NA,"94806","San Pablo","CA","San Francisco-Oakland-Hayward","Contra Costa County",497848,"q4",3.5,"100a san pablo towne center store 100a, san pablo, ca 94806, usa","West"
"63",63,-118.9195051,34.3969841,NA,"94601","Oakland","CA","San Francisco-Oakland-Hayward","Alameda County",587357,"q4",3.5,"2925 e 14th st, oakland, ca 94601, usa","West"
"64",64,-94.3128148,37.1431827,NA,"23707","Portsmouth","VA","Virginia Beach-Norfolk-Newport News","Portsmouth City",163789,"q2",3.5,"3110 high st, portsmouth, va 23707, usa","South"
"65",65,-115.2775664,36.0610608,NA,"32809","Pine Castle","FL","Orlando-Kissimmee-Sanford","Orange County",210335,"q3",3.5,"7531 s orange blossom trail, orlando, fl 32809, usa","South"
"66",66,-89.3999426,43.0704831,NA,"27105","Winston-Salem","NC","Winston-Salem","Forsyth County",83979,"q1",3.5,"2701 university pkwy, winston-salem, nc 27105, usa","South"
"67",67,-91.5303195,41.6441087,NA,"93063","Simi Valley","CA","Oxnard-Thousand Oaks-Ventura","Ventura County",597407,"q4",3.5,"5145 e los angeles ave, simi valley, ca 93063, usa","West"
"68",68,-81.5072641,41.02744,NA,"70124","New Orleans","LA","New Orleans-Metairie","Orleans Parish",465964,"q4",3.5,"214 robert e lee blvd, new orleans, la 70124, usa","South"
"69",69,-79.4215188,36.5734843,NA,"95825","Arden-Arcade","CA","Sacramento--Roseville--Arden-Arcade","Sacramento County",322303,"q4",3.5,"2450 fulton ave, sacramento, ca 95825, usa","West"
"70",70,-122.7880394,38.5274519,NA,"29206","Forest Acres","SC","Columbia","Richland County",250808,"q3",3.5,"2225 decker blvd, columbia, sc 29206, usa","South"
"71",71,-101.8427106,33.5684394,NA,"85284","Tempe","AZ","Phoenix-Mesa-Scottsdale","Maricopa County",466265,"q4",3.5,"575 w warner rd, tempe, az 85284, usa","West"
"72",72,-80.3015548,26.1100174,NA,"24019","Roanoke","VA","Roanoke","Roanoke City",190443,"q3",3.5,"roanoke, va 24019, usa","South"
"73",73,-81.8107004,26.4083809,NA,"86305","Prescott","AZ","Prescott","Yavapai County",469204,"q4",3.5,"1375 w iron springs rd, prescott, az 86305, usa","West"
"74",74,-91.8957239,39.1746041,NA,"62208","Fairview Heights","IL","St. Louis","Saint Clair County",115174,"q2",3.5,"125 commerce ln, fairview heights, il 62208, usa","Midwest"
"75",75,-95.4933071,29.6166263,NA,"80904","Colorado Springs","CO","Colorado Springs","El Paso County",318874,"q4",3.5,"2324 w colorado ave, colorado springs, co 80904, usa","West"
"76",76,-84.7484663,39.5079406,NA,"92395","Victorville","CA","Riverside-San Bernardino-Ontario","San Bernardino County",254102,"q3",3.5,"16970 bear valley rd, victorville, ca 92395, usa","West"
"77",77,-157.895076,21.3362215,NA,"78258","San Antonio","TX","San Antonio-New Braunfels","Bexar County",352581,"q4",3.5,"7401, 21230 us-281, san antonio, tx 78258, usa","South"
"78",78,-80.361605,36.265568,NA,"17519","East Earl Township","PA","Lancaster","Lancaster County",273446,"q4",3.5,"1367 weaverland rd, east earl, pa 17519, usa","Northeast"
"79",79,-110.9305634,32.163275,NA,"97210","Portland","OR","Portland-Vancouver-Hillsboro","Multnomah County",803171,"q4",3.5,"2215 w burnside st, portland, or 97210, usa","West"
"80",80,-122.6988974,38.448654,NA,"16801","State College","PA","State College","Centre County",306936,"q4",3.5,"424 westerly pkwy, state college, pa 16801, usa","Northeast"
"81",81,-117.170264,34.0471291,NA,"76148","Watauga","TX","Dallas-Fort Worth-Arlington","Tarrant County",190929,"q3",3.5,"7201 rufe snow dr, watauga, tx 76148, usa","South"
"82",82,-108.5979871,39.0962355,NA,"34711","Clermont","FL","Orlando-Kissimmee-Sanford","Lake County",279566,"q4",3.5,"1855 s grand hwy, clermont, fl 34711, usa","South"
"83",83,-117.3523715,33.1770706,NA,"30062","Marietta","GA","Atlanta-Sandy Springs-Roswell","Cobb County",354485,"q4",3.5,"1355 roswell rd, marietta, ga 30062, usa","South"
"84",84,-97.722385,26.186052,NA,"32246","Jacksonville","FL","Jacksonville","Duval County",210815,"q3",3.5,"11160 beach blvd, jacksonville, fl 32246, usa","South"
"85",85,-77.290316,38.8442198,NA,"97070","Wilsonville","OR","Portland-Vancouver-Hillsboro","Clackamas County",472021,"q4",3.5,"8275 sw wilsonville rd, wilsonville, or 97070, usa","West"
"86",86,-157.8461269,21.302382,NA,"90404","Santa Monica","CA","Los Angeles-Long Beach-Anaheim","Los Angeles County",1052825,"q4",3.5,"2520 santa monica blvd, santa monica, ca 90404, usa","West"
"87",87,-96.357507,30.646774,NA,"10035","New York","NY","New York-Newark-Jersey City","New York County",643280,"q4",3.5,"2211 3rd ave, new york, ny 10035, usa","Northeast"
"88",88,-95.2902415,32.391266,NA,"94025","Menlo Park","CA","San Francisco-Oakland-Hayward","San Mateo County",2240201,"q4",3.5,"711 santa cruz ave, menlo park, ca 94025, usa","West"
"89",89,-70.2533184,43.6351845,NA,"43147","Pickerington","OH","Columbus","Fairfield County",260458,"q3",3.5,"1771 hill rd n, pickerington, oh 43147, usa","Midwest"
"90",90,-81.7308809,41.049818,NA,"61354","Peru","IL","Ottawa-Peru","La Salle County",109722,"q2",3.5,"1307 38th st, peru, il 61354, usa","Midwest"
"91",91,-94.6520983,31.6024531,NA,"33009","Hallandale","FL","Miami-Fort Lauderdale-West Palm Beach","Broward County",214138,"q3",3.5,"3149 w hallandale beach blvd, hallandale beach, fl 33009, usa","South"
"92",92,-99.7498336,32.4509215,NA,"37075","Hendersonville","TN","Nashville-Davidson--Murfreesboro--Franklin","Sumner County",305937,"q4",3.5,"205a indian lake blvd, hendersonville, tn 37075, usa","South"
"93",93,-88.2507353,40.0709524,NA,"80129","Highlands Ranch","CO","Denver-Aurora-Lakewood","Douglas County",491981,"q4",3.5,"161 w county line rd, highlands ranch, co 80129, usa","West"
"94",94,-85.5021585,36.150217,NA,"30084","Tucker","GA","Atlanta-Sandy Springs-Roswell","Dekalb County",254774,"q3",3.5,"4400 hugh howell rd, tucker, ga 30084, usa","South"
"95",95,-92.3435275,34.7107319,NA,"49855","Marquette","MI","Marquette","Marquette County",218083,"q3",3,"3125 us-41, marquette, mi 49855, usa","Midwest"
"96",96,-80.2046397,36.1579335,NA,"30504","Gainesville","GA","Gainesville","Hall County",215494,"q3",3,"1514 skelton rd, gainesville, ga 30504, usa","South"
"97",97,-81.7868402,41.4552281,NA,"28262","Charlotte","NC","Charlotte-Concord-Gastonia","Mecklenburg County",217500,"q3",3,"1725 harris houston rd, charlotte, nc 28262, usa","South"
"98",98,-88.805228,30.4144173,NA,"85226","Chandler","AZ","Phoenix-Mesa-Scottsdale","Maricopa County",330816,"q4",3,"4949 w ray rd #1chandler, chandler, az 85226, usa","West"
"99",99,-87.150471,35.9430316,NA,"24401","Staunton","VA","Staunton-Waynesboro","Staunton City",184422,"q3",3,"1106 greenville ave, staunton, va 24401, usa","South"
"100",100,-118.3453295,34.0599637,NA,"77064","Houston","TX","Houston-The Woodlands-Sugar Land","Harris County",189059,"q3",3,"9215 west rd, houston, tx 77064, usa","South"
"101",101,-81.023871,29.1105026,NA,"92373","Redlands","CA","Riverside-San Bernardino-Ontario","San Bernardino County",492636,"q4",3,"411 e palm ave, redlands, ca 92373, usa","West"
"102",102,-121.2899989,38.695377,NA,"95610","Citrus Heights","CA","Sacramento--Roseville--Arden-Arcade","Sacramento County",378529,"q4",3,"7120 auburn blvd, citrus heights, ca 95610, usa","West"
"103",103,-82.5024768,28.0859031,NA,"53545","Janesville","WI","Janesville-Beloit","Rock County",167958,"q3",3,"2003 holiday dr, janesville, wi 53545, usa","Midwest"
"104",104,-119.2944702,34.280618,NA,"29063","Irmo","SC","Columbia","Richland County",173265,"q3",3,"7138 broad river rd, irmo, sc 29063, usa","South"
"105",105,-85.8592592,38.959,NA,"43231","Columbus","OH","Columbus","Franklin County",182718,"q3",3,"2933 morse rd, columbus, oh 43231, usa","Midwest"
"106",106,-121.2268388,38.67816,NA,"43202","Columbus","OH","Columbus","Franklin County",272257,"q4",3,"2550 n high st, columbus, oh 43202, usa","Midwest"
"107",107,-84.2547133,33.8443683,NA,"98444","Parkland","WA","Seattle-Tacoma-Bellevue","Pierce County",298846,"q4",3,"14918 pacific ave s, parkland, wa 98444, usa","West"
"108",108,-79.715711,39.8985346,NA,"87120","Albuquerque","NM","Albuquerque","Bernalillo County",214370,"q3",3,"6636 caminito coors nw, albuquerque, nm 87120, usa","West"
"109",109,-97.2936303,32.6888751,NA,"85283","Tempe","AZ","Phoenix-Mesa-Scottsdale","Maricopa County",299549,"q4",3,"2700 w baseline rd, tempe, az 85283, usa","West"
"110",110,-77.4378084,38.2857791,NA,"90250","Hawthorne","CA","Los Angeles-Long Beach-Anaheim","Los Angeles County",672690,"q4",3,"13245 hawthorne blvd, hawthorne, ca 90250, usa","West"
"111",111,-88.9978385,42.7152314,NA,"78660","Pflugerville","TX","Austin-Round Rock","Travis County",270712,"q4",3,"1701 farm to market 685, pflugerville, tx 78660, usa","South"
"112",112,-84.9513528,32.5427378,NA,"30324","Atlanta","GA","Atlanta-Sandy Springs-Roswell","Fulton County",411411,"q4",3,"2135 piedmont rd ne, atlanta, ga 30324, usa","South"
"113",113,-122.1338684,38.2159765,NA,"56001","Mankato","MN","Mankato-North Mankato","Blue Earth County",215033,"q3",3,"2024 adams st, mankato, mn 56001, usa","Midwest"
"114",114,-122.3328981,37.9544184,NA,"80010","Aurora","CO","Denver-Aurora-Lakewood","Arapahoe County",310074,"q4",3,"10590 e colfax ave, aurora, co 80010, usa","West"
"115",115,-77.4724126,37.9065313,NA,"24073","Christiansburg","VA","Blacksburg-Christiansburg-Radford","Montgomery County",194145,"q3",3,"255 peppers ferry rd ne, christiansburg, va 24073, usa","South"
"116",116,-122.2289685,37.7786889,NA,"21228","Catonsville","MD","Baltimore-Columbia-Towson","Baltimore County",315166,"q4",3,"6600 baltimore national pike, catonsville, md 21228, usa","South"
"117",117,-121.4787342,38.4092651,NA,"46805","Fort Wayne","IN","Fort Wayne","Allen County",105385,"q1",3,"4122 lima rd, fort wayne, in 46805, usa","Midwest"
"118",118,-81.1542432,34.093988,NA,"22630","Front Royal","VA","Washington-Arlington-Alexandria","Warren County",231547,"q3",3,"280 remount rd, front royal, va 22630, usa","South"
"119",119,-84.9370001,33.7293696,NA,"59715","Bozeman","MT","Bozeman","Gallatin County",570997,"q4",3,"simmental way, bozeman, mt 59715, usa","West"
"120",120,-121.2833102,38.1140519,NA,"80916","Colorado Springs","CO","Colorado Springs","El Paso County",253440,"q3",3,"2855 s academy blvd, colorado springs, co 80916, usa","West"
"121",121,-92.0496332,30.2121102,NA,"75212","Dallas","TX","Dallas-Fort Worth-Arlington","Dallas County",167246,"q3",3,"3020 n westmoreland rd, dallas, tx 75212, usa","South"
"122",122,-82.9418371,40.058369,NA,"61108","Rockford","IL","Rockford","Winnebago County",97055,"q1",3,"4618 e state st, rockford, il 61108, usa","Midwest"
"123",123,-94.8783414,36.8820451,NA,"90045","Los Angeles","CA","Los Angeles-Long Beach-Anaheim","Los Angeles County",1197634,"q4",3,"6933 la tijera blvd, los angeles, ca 90045, usa","West"
"124",124,-77.002422,38.9049452,NA,"33187","Richmond West","FL","Miami-Fort Lauderdale-West Palm Beach","Miami-Dade County",395123,"q4",3,"19120 sw 177th ave, miami, fl 33187, usa","South"
"125",125,-73.778817,40.9164914,NA,"30080","Smyrna","GA","Atlanta-Sandy Springs-Roswell","Cobb County",304221,"q4",3,"3205 s cobb dr se, smyrna, ga 30080, usa","South"
"126",126,-93.7349404,41.6575193,NA,"30346","Dunwoody","GA","Atlanta-Sandy Springs-Roswell","Dekalb County",355440,"q4",3,"1165 perimeter center w, atlanta, ga 30346, usa","South"
"127",127,-82.8580888,41.5207757,NA,"46240","Indianapolis","IN","Indianapolis-Carmel-Anderson","Marion County",258062,"q3",3,"1520 e 86th st, indianapolis, in 46240, usa","Midwest"
"128",128,-83.0102457,40.0142336,NA,"92395","Victorville","CA","Riverside-San Bernardino-Ontario","San Bernardino County",254102,"q3",3,"14580 7th st, victorville, ca 92395, usa","West"
"129",129,-121.2914867,38.6550528,NA,"30076","Roswell","GA","Atlanta-Sandy Springs-Roswell","Fulton County",373172,"q4",3,"10779 alpharetta hwy, roswell, ga 30076, usa","South"
"130",130,-77.7351237,39.6229169,NA,"94608","Oakland","CA","San Francisco-Oakland-Hayward","Alameda County",742323,"q4",3,"6624 san pablo ave store 6624, oakland, ca 94608, usa","West"
"131",131,-85.9159551,41.7049055,NA,"91303","Los Angeles","CA","Los Angeles-Long Beach-Anaheim","Los Angeles County",549441,"q4",3,"7107 owensmouth ave, canoga park, ca 91303, usa","West"
"132",132,-122.4371933,47.1212119,NA,"28147","Salisbury","NC","Charlotte-Concord-Gastonia","Rowan County",177804,"q3",3,"836 jake alexander blvd w, salisbury, nc 28147, usa","South"
"133",133,-92.0934136,30.2341782,NA,"83709","Boise","ID","Boise City","Ada County",319838,"q4",3,"s vinnell way, boise, id 83709, usa","West"
"134",134,-121.3009039,44.1042896,NA,"66801","Emporia","KS","Emporia","Lyon County",108258,"q2",3,"e 12th ave, emporia, ks 66801, usa","Midwest"
"135",135,-71.1019808,42.3641548,NA,"29466","Mount Pleasant","SC","Charleston-North Charleston","Charleston County",437217,"q4",3,"1141 6 mile rd, mt pleasant, sc 29466, usa","South"
"136",136,-119.0407648,34.2191752,NA,"27406","Greensboro","NC","Greensboro-High Point","Guilford County",135032,"q2",3,"1235 s eugene st, greensboro, nc 27406, usa","South"
"137",137,-80.0731364,35.8703008,NA,"92563","Murrieta","CA","Riverside-San Bernardino-Ontario","Riverside County",449065,"q4",3,"39400 murrieta hot springs rd, murrieta, ca 92563, usa","West"
"138",138,-81.7646026,40.8521284,NA,"98373","Puyallup","WA","Seattle-Tacoma-Bellevue","Pierce County",386028,"q4",3,"12915 meridian e, puyallup, wa 98373, usa","West"
"139",139,-106.6727149,35.1728954,NA,"19355","Malvern","PA","Philadelphia-Camden-Wilmington","Chester County",504609,"q4",3,"235 lancaster ave, malvern, pa 19355, usa","Northeast"
"140",140,-122.2889538,47.8199056,NA,"60510","Batavia","IL","Chicago-Naperville-Elgin","Kane County",297161,"q4",3,"450 n randall rd, batavia, il 60510, usa","Midwest"
"141",141,-91.9443229,38.8691466,NA,"46805","Fort Wayne","IN","Fort Wayne","Allen County",105385,"q1",3,"4122 lima rd store 4122, fort wayne, in 46805, usa","Midwest"
"142",142,-76.7351852,38.9415552,NA,"94306","Palo Alto","CA","San Jose-Sunnyvale-Santa Clara","Santa Clara County",2716541,"q4",3,"4085 el camino way, palo alto, ca 94306, usa","West"
"143",143,-98.4238198,34.6153573,NA,"30253","McDonough","GA","Atlanta-Sandy Springs-Roswell","Henry County",200823,"q3",3,"250 jonesboro rd, mcdonough, ga 30253, usa","South"
"144",144,-79.7807694,36.1017266,NA,"95618","Davis","CA","Sacramento--Roseville--Arden-Arcade","Yolo County",675271,"q4",3,"2939 spafford st, davis, ca 95618, usa","West"
"145",145,-81.5196813,30.6181957,NA,"23834","Colonial Heights","VA","Richmond","Colonial Heights City",177730,"q3",2.5,"1500 boulevard, colonial heights, va 23834, usa","South"
"146",146,-77.6029726,42.9494066,NA,"94952","Petaluma","CA","Santa Rosa","Sonoma County",805955,"q4",2.5,"175 fairgrounds dr, petaluma, ca 94952, usa","West"
"147",147,-111.9770705,33.3792137,NA,"96814","Honolulu","HI","Urban Honolulu","Honolulu County",551875,"q4",2.5,"1069 s beretania st, honolulu, hi 96814, usa","West"
"148",148,-118.353089,33.912318,NA,"77802","Bryan","TX","College Station-Bryan","Brazos County",198227,"q3",2.5,"2600 texas ave, bryan, tx 77802, usa","South"
"149",149,-91.035,41.4473687,NA,"39564","Ocean Springs","MS","Gulfport-Biloxi-Pascagoula","Jackson County",161422,"q2",2.5,"2200 bienville blvd, ocean springs, ms 39564, usa","South"
"150",150,-95.9236854,36.0473234,NA,"32127","Port Orange","FL","Deltona-Daytona Beach-Ormond Beach","Volusia County",253130,"q3",2.5,"1752 dunlawton ave, port orange, fl 32127, usa","South"
"151",151,-97.6026539,30.453709,NA,"95662","Orangevale","CA","Sacramento--Roseville--Arden-Arcade","Sacramento County",413084,"q4",2.5,"8880 greenback ln, orangevale, ca 95662, usa","West"
"152",152,-97.3549897,35.450203,NA,"32571","Pace","FL","Pensacola-Ferry Pass-Brent","Santa Rosa County",209657,"q3",2.5,"4325 woodbine rd, pace, fl 32571, usa","South"
"153",153,-122.2539563,38.1661997,NA,"61761","Normal","IL","Bloomington","McLean County",160196,"q2",2.5,"302 landmark dr, normal, il 61761, usa","Midwest"
"154",154,-84.3656465,33.815029,NA,"97266","Portland","OR","Portland-Vancouver-Hillsboro","Multnomah County",323942,"q4",2.5,"9015 se powell blvd, portland, or 97266, usa","West"
"155",155,-76.3401623,36.8349808,NA,"94565","Pittsburg","CA","San Francisco-Oakland-Hayward","Contra Costa County",579734,"q4",2.5,"396 atlantic avenue atlantic plaza shopping center, pittsburg, ca 94565, usa","West"
"156",156,-95.2722522,29.5606456,NA,"19605","Muhlenberg Township","PA","Reading","Berks County",175763,"q3",2.5,"3413 n 5th street hwy, reading, pa 19605, usa","Northeast"
"157",157,-93.946004,44.1730467,NA,"21234","Parkville","MD","Baltimore-Columbia-Towson","Baltimore County",211247,"q3",2.5,"1753 e joppa rd, parkville, md 21234, usa","South"
"158",158,-80.4666606,37.7680539,NA,"12553","Town of New Windsor","NY","New York-Newark-Jersey City","Orange County",262769,"q3",2.5,"374 windsor hwy, new windsor, ny 12553, usa","Northeast"
"159",159,-81.397836,28.4563842,NA,"89436","Sparks","NV","Reno","Washoe County",394507,"q4",2.5,"5342 sparks blvd, sparks, nv 89436, usa","West"
"160",160,-106.7728642,32.2979661,NA,"85234","Gilbert","AZ","Phoenix-Mesa-Scottsdale","Maricopa County",347966,"q4",2.5,"868 n gilbert rd, gilbert, az 85234, usa","West"
"161",161,-122.838056,45.1428402,NA,"70006","Metairie","LA","New Orleans-Metairie","Jefferson Parish",271859,"q4",2.5,"4329 veterans memorial blvd, metairie, la 70006, usa","South"
"162",162,-97.9315742,30.302852,NA,"46350","La Porte","IN","Michigan City-La Porte","La Porte County",165253,"q3",2.5,"1509 e lincolnway, la porte, in 46350, usa","Midwest"
"163",163,-91.2209947,43.7740302,NA,"77449","Katy","TX","Houston-The Woodlands-Sugar Land","Harris County",187963,"q3",2.5,"2401 n fry rd, katy, tx 77449, usa","South"
"164",164,-81.2262883,42.9409169,NA,"86001","Flagstaff","AZ","Flagstaff","Coconino County",391412,"q4",2.5,"963 w rte 66 #100, flagstaff, az 86001, usa","West"
"165",165,-121.9772931,37.38934,NA,"94706","Albany","CA","San Francisco-Oakland-Hayward","Alameda County",1051422,"q4",2.5,"505 san pablo ave, albany, ca 94706, usa","West"
"166",166,-87.179874,30.5951795,NA,"32222","Jacksonville","FL","Jacksonville","Duval County",214366,"q3",2.5,"9680 argyle forest blvd, jacksonville, fl 32222, usa","South"
"167",167,-80.3510159,25.732377,NA,"97402","Eugene","OR","Eugene","Lane County",281129,"q4",2.5,"855 seneca rd, eugene, or 97402, usa","West"
"168",168,-114.3329925,34.4760323,NA,"85260","Scottsdale","AZ","Phoenix-Mesa-Scottsdale","Maricopa County",468752,"q4",2,"8053 e raintree dr, scottsdale, az 85260, usa","West"
"169",169,-74.9760828,39.9407137,NA,"28806","Asheville","NC","Asheville","Buncombe County",272335,"q4",2,"1616 patton ave, asheville, nc 28806, usa","South"
"170",170,-75.1937494,39.9628848,NA,"85205","Mesa","AZ","Phoenix-Mesa-Scottsdale","Maricopa County",259638,"q3",2,"6030 e main st suite 6120, mesa, az 85205, usa","West"
"171",171,-83.1228873,40.6000912,NA,"94503","American Canyon","CA","Napa","Napa County",580090,"q4",2,"100 w american canyon rd, american canyon, ca 94503, usa","West"
"172",172,-85.8538217,31.2959631,NA,"94928","Rohnert Park","CA","Santa Rosa","Sonoma County",560766,"q4",2,"100 raley's town center, rohnert park, ca 94928, usa","West"
"173",173,-82.606427,35.522315,NA,"33612","Tampa","FL","Tampa-St. Petersburg-Clearwater","Hillsborough County",167657,"q3",2,"tampa, fl 33612, usa","South"
"174",174,-82.600578,36.9665566,NA,"34475","Ocala","FL","Ocala","Marion County",107580,"q2",2,"2920 w silver springs blvd, ocala, fl 34475, usa","South"
"175",175,-79.938726,36.748937,NA,"94509","Antioch","CA","San Francisco-Oakland-Hayward","Contra Costa County",282916,"q4",2,"2701 w 10th st, antioch, ca 94509, usa","West"
"176",176,-80.2575023,36.1249889,NA,"33138","Miami","FL","Miami-Fort Lauderdale-West Palm Beach","Miami-Dade County",477486,"q4",2,"441 ne 81st st, miami, fl 33138, usa","South"
"177",177,-104.8649814,39.7392271,NA,"28314","Fayetteville","NC","Fayetteville","Cumberland County",123209,"q2",2,"9550 cliffdale rd, fayetteville, nc 28314, usa","South"
"178",178,-88.9539648,40.5159722,NA,"19606","Exeter Township","PA","Reading","Berks County",183839,"q3",2,"3001 st lawrence ave, reading, pa 19606, usa","Northeast"
"179",179,-97.898901,38.07339,NA,"15522","Bedford Township","PA","","Bedford County",164795,"q3",2,"9481 lincoln hwy, bedford, pa 15522, usa","Northeast"
"180",180,-83.2284332,42.1423332,NA,"37412","East Ridge","TN","Chattanooga","Hamilton County",137214,"q2",2,"5740 ringgold rd, east ridge, tn 37412, usa","South"
"181",181,-84.7686831,34.778308,NA,"46373","Saint John","IN","Chicago-Naperville-Elgin","Lake County",321420,"q4",2,"10021 earl dr, st john, in 46373, usa","Midwest"
"182",182,-80.4192312,37.1648604,NA,"37725","Dandridge","TN","Morristown","Jefferson County",187790,"q3",2,"1040 tn-92, dandridge, tn 37725, usa","South"
"183",183,-84.5361373,33.3427629,NA,"80015","Aurora","CO","Denver-Aurora-Lakewood","Arapahoe County",418578,"q4",2,"14400 e belleview ave, aurora, co 80015, usa","West"
"184",185,-121.8873859,38.0075172,NA,"95404","Santa Rosa","CA","Santa Rosa","Sonoma County",647775,"q4",1.5,"1720 4th st, santa rosa, ca 95404, usa","West"
"185",186,-80.6777288,28.2265894,NA,"97071","Woodburn","OR","Salem","Marion County",290223,"q4",1.5,"948 n pacific hwy, woodburn, or 97071, usa","West"
"186",187,-83.6417783,43.0209628,NA,"68503","Lincoln","NE","Lincoln","Lancaster County",125627,"q2",1.5,"4555 vine st store 4555, lincoln, ne 68503, usa","Midwest"
"187",188,-122.4620016,48.7742415,NA,"72204","Little Rock","AR","Little Rock-North Little Rock-Conway","Pulaski County",74620,"q1",1,"s university ave, little rock, ar 72204, usa","South"
"188",189,-98.459267,29.505762,NA,"25143","Nitro","WV","Charleston","Kanawha County",88403,"q1",1,"210 nitro market pl, nitro, wv 25143, usa","South"
"189",190,-157.895076,21.3362215,NA,"49221","Adrian","MI","Adrian","Lenawee County",135795,"q2",1,"1357 division st, adrian, mi 49221, usa","Midwest"
"190",191,-80.2752281,39.2821577,NA,"28602","Hickory","NC","Hickory-Lenoir-Morganton","Catawba County",140568,"q2",1,"1172 lenoir rhyne blvd se, hickory, nc 28602, usa","South"
"191",192,-97.9653313,34.5186825,NA,"30043","Lawrenceville","GA","Atlanta-Sandy Springs-Roswell","Gwinnett County",251746,"q3",NA,"1032 old peachtree rd ne #205lawrenceville, lawrenceville, ga 30043, usa","South"
"192",193,-121.4991545,38.6254484,NA,"45014","Fairfield","OH","Cincinnati","Butler County",177871,"q3",NA,"4605 dixie hwy, fairfield, oh 45014, usa","Midwest"
"193",194,-86.5140591,36.5779197,NA,"32401","Panama City","FL","Panama City","Bay County",124862,"q2",NA,"3207 e 4th st, panama city, fl 32401, usa","South"
"194",195,-76.7643374,39.2876579,NA,"64506","Saint Joseph","MO","St. Joseph","Buchanan County",179634,"q3",NA,"faraon st, st joseph, mo 64506, usa","Midwest"
"195",196,-92.5048245,34.6213856,NA,"15090","Wexford","PA","Pittsburgh","Allegheny County",382022,"q4",NA,"10293 perry hwy, wexford, pa 15090, usa","Northeast"
"196",197,-75.9265909,40.3861923,NA,"47331","Connersville","IN","Connersville","Fayette County",83613,"q1",NA,"4000 western ave, connersville, in 47331, usa","Midwest"
"197",199,NA,NA,NA,"24416","Buena Vista","VA","","Buena Vista City",110353,"q2",NA,"2277 beech ave #501, buena vista, va 24416, usa","South"
"198",200,-76.5577188,39.398198,NA,"43551","Perrysburg","OH","Toledo","Wood County",236761,"q3",NA,"26580 n dixie hwy, perrysburg, oh 43551, usa","Midwest"
"199",201,-74.0560827,41.459342,NA,"30906","Augusta","GA","Augusta-Richmond County","Richmond County",80654,"q1",NA,"3120 peach orchard rd, augusta, ga 30906, usa","South"
"200",202,-90.1120473,30.0198345,NA,"77532","Crosby","TX","Houston-The Woodlands-Sugar Land","Harris County",196143,"q3",NA,"14530 crosby lynchburg rd, crosby, tx 77532, usa","South"
"201",203,-119.7417809,38.9370674,NA,"47130","Jeffersonville","IN","Louisville/Jefferson County","Clark County",157861,"q2",NA,"2764 jefferson centre way, jeffersonville, in 47130, usa","Midwest"
"202",204,-122.7074352,38.3466383,NA,"34266","Arcadia","FL","Arcadia","De Soto County",118503,"q2",NA,"1701 e oak st, arcadia, fl 34266, usa","South"
"203",205,-85.1455128,41.1165312,NA,"30064","Marietta","GA","Atlanta-Sandy Springs-Roswell","Cobb County",312815,"q4",NA,"2667 powder springs rd sw #117marietta, marietta, ga 30064, usa","South"
"204",206,-82.4427769,28.0563834,NA,"47670","Princeton","IN","","Gibson County",106635,"q2",NA,"3215 w broadway st, princeton, in 47670, usa","Midwest"
"205",207,-118.2431829,34.225841,NA,"63017","Chesterfield","MO","St. Louis","Saint Louis County",383639,"q4",NA,"14808 clayton rd, chesterfield, mo 63017, usa","Midwest"
"206",208,-121.1752676,44.2958298,NA,"22408","Fredericksburg","VA","Washington-Arlington-Alexandria","Spotsylvania County",289853,"q4",NA,"4701 market st, fredericksburg, va 22408, usa","South"
"207",209,-79.4186948,36.6749721,NA,"33584","Seffner","FL","Tampa-St. Petersburg-Clearwater","Hillsborough County",214502,"q3",NA,"710 w dr martin luther king jr blvd, seffner, fl 33584, usa","South"
"208",210,-122.3942515,40.5861701,NA,NA,NA,NA,NA,NA,NA,"q4",NA,"",NA
"209",211,-79.977843,37.2858069,NA,"97401","Eugene","OR","Eugene","Lane County",377069,"q4",NA,"1175 cal young rd, eugene, or 97401, usa","West"
"210",212,-117.0600871,32.7840217,NA,"98032","Kent","WA","Seattle-Tacoma-Bellevue","King County",381973,"q4",NA,"315 washington ave s, kent, wa 98032, usa","West"
"211",213,-106.268474,31.7585688,NA,"45414","Dayton","OH","Dayton","Montgomery County",103668,"q1",NA,"5400 n dixie dr, dayton, oh 45414, usa","Midwest"
"212",214,-81.8084911,38.4108063,NA,"75020","Denison","TX","Sherman-Denison","Grayson County",137739,"q2",NA,"2419 woodlawn blvd, denison, tx 75020, usa","South"
"213",215,-78.1832508,38.9085053,NA,"95076","Watsonville","CA","Santa Cruz-Watsonville","Santa Cruz County",609584,"q4",NA,"470 main st, watsonville, ca 95076, usa","West"
"214",216,-91.9164504,42.678229,NA,"32808","Pine Hills","FL","Orlando-Kissimmee-Sanford","Orange County",167322,"q3",NA,"3200 w colonial dr, orlando, fl 32808, usa","South"
"215",217,-119.727017,39.5894974,NA,"77373","Spring","TX","Houston-The Woodlands-Sugar Land","Harris County",169474,"q3",NA,"1417 spring cypress rd #111bspring, spring, tx 77373, usa","South"
"216",218,-111.0619195,45.7055104,NA,"85614","Green Valley","AZ","Tucson","Pima County",197402,"q3",NA,"520 e white house canyon rd, green valley, az 85614, usa","West"
"217",219,-104.8597821,38.8458617,NA,"85541","Payson","AZ","Payson","Gila County",282486,"q4",NA,"401 e, az-260, payson, az 85541, usa","West"
"218",220,-104.7552115,38.7908456,NA,"96782","Pearl City","HI","Urban Honolulu","Honolulu County",736801,"q4",NA,"890 kamehameha hwy, pearl city, hi 96782, usa","West"
"219",221,-80.7016666,34.8482907,NA,"38017","Collierville","TN","Memphis","Shelby County",355248,"q4",NA,"783 w poplar ave, collierville, tn 38017, usa","South"
"220",222,-96.8722933,32.7811324,NA,"37321","Dayton","TN","Dayton","Rhea County",143752,"q2",NA,"200 able dr #1dayton, dayton, tn 37321, usa","South"
"221",223,-121.4011052,38.6103542,NA,"75287","Dallas","TX","Dallas-Fort Worth-Arlington","Dallas County",331182,"q4",NA,"18230 midway rd, dallas, tx 75287, usa","South"
"222",224,-112.2512993,33.5914239,NA,NA,NA,NA,NA,NA,NA,"q4",NA,NA,NA
"223",225,-72.3405823,42.1628034,NA,NA,NA,NA,NA,NA,NA,"q4",NA,NA,NA
"224",226,-90.5171064,38.7838926,NA,NA,NA,NA,NA,NA,NA,"q4",NA,NA,NA
"225",227,-80.5922497,28.1817596,NA,"24477","Stuarts Draft","VA","Staunton-Waynesboro","Augusta County",218425,"q3",NA,"2576 stuarts draft hwy, stuarts draft, va 24477, usa","South"
"226",228,-78.921989,36.741115,NA,"89113","Las Vegas","NV","Las Vegas-Henderson-Paradise","Clark County",317539,"q4",NA,"7036 w badura ave, las vegas, nv 89113, usa","West"
"227",229,-80.945907,34.0518378,NA,"53706",NA,NA,NA,NA,NA,"q4",NA,"frederic ogg residence hall, 835 w dayton st, madison, wi 53706, usa",NA
"228",230,-82.4492108,34.8520349,NA,"24541","Danville","VA","Danville","Danville City",86220,"q1",NA,"760 w main st, danville, va 24541, usa","South"
"229",231,-111.946955,33.3328867,NA,"95492","Windsor","CA","Santa Rosa","Sonoma County",646335,"q4",NA,"6450 hembree ln, windsor, ca 95492, usa","West"
"230",232,-89.0257998,42.2639156,NA,"79404","Lubbock","TX","Lubbock","Lubbock County",66116,"q1",NA,"715 28th st, lubbock, tx 79404, usa","South"
"231",233,-118.3744595,33.9757732,NA,"33928","Estero","FL","Cape Coral-Fort Myers","Lee County",309368,"q4",NA,"7996 mediterranean drive, estero, fl 33928, usa","South"
"232",234,-93.2884865,30.8635785,NA,"65265","Mexico","MO","Mexico","Audrain County",103175,"q1",NA,"1101 w monroe st, mexico, mo 65265, usa","Midwest"
"233",235,-85.9951892,39.8972627,NA,"77085","Houston","TX","Houston-The Woodlands-Sugar Land","Harris County",163002,"q2",NA,"14464 hillcroft st, houston, tx 77085, usa","South"
"234",236,-111.8756294,33.621133,NA,"45056","Oxford","OH","Cincinnati","Butler County",214749,"q3",NA,"203 s locust st store 203, oxford, oh 45056, usa","Midwest"
"235",237,-98.621522,29.4653307,NA,"96819","Honolulu","HI","Urban Honolulu","Honolulu County",837482,"q4",NA,"2610 kilihau st, honolulu, hi 96819, usa","West"
"236",238,-74.9737216,39.9423194,NA,"27021","King","NC","Winston-Salem","Stokes County",162507,"q2",NA,"622 s main st, king, nc 27021, usa","South"
"237",239,-79.9528451,37.3490124,NA,"85714","Tucson","AZ","Tucson","Pima County",148324,"q2",NA,"e irvington rd, tucson, az 85714, usa","West"
"238",240,-98.342947,40.9260294,NA,"92054","Oceanside","CA","San Diego-Carlsbad","San Diego County",683130,"q4",NA,"1928s s moreno st, oceanside, ca 92054, usa","West"
"239",241,-118.2013182,34.139493,NA,"78550","Harlingen","TX","Brownsville-Harlingen","Cameron County",101324,"q1",NA,"702 dixieland rd, harlingen, tx 78550, usa","South"
"240",242,-99.163185,30.059624,NA,"75706","Tyler","TX","Tyler","Smith County",140478,"q2",NA,"500 e ne loop 323, tyler, tx 75706, usa","South"
"241",244,-84.5288729,33.87691,NA,"44281","Wadsworth","OH","Cleveland-Elyria","Medina County",203932,"q3",NA,"170 great oaks trail, wadsworth, oh 44281, usa","Midwest"
"242",245,-89.3019625,43.114662,NA,"75961","Nacogdoches","TX","Nacogdoches","Nacogdoches County",124376,"q2",NA,"503 e main st, nacogdoches, tx 75961, usa","South"
"243",246,-116.8937865,47.7223652,NA,"79603","Abilene","TX","Abilene","Taylor County",89013,"q1",NA,"2200 n 1st st 1st store, abilene, tx 79603, usa","South"
"244",247,-85.975065,41.7402529,NA,"27105","Winston-Salem","NC","Winston-Salem","Forsyth County",83979,"q1",NA,"5000 old walkertown rd, winston-salem, nc 27105, usa","South"
"245",248,-85.1583064,35.041539,NA,"37062","Fairview","TN","Nashville-Davidson--Murfreesboro--Franklin","Williamson County",290123,"q4",NA,"2714 fairview blvd, fairview, tn 37062, usa","South"
"246",249,-112.4908689,34.5640538,NA,"33618","Greater Carrollwood","FL","Tampa-St. Petersburg-Clearwater","Hillsborough County",287188,"q4",NA,"14941 n dale mabry hwy, tampa, fl 33618, usa","South"
"247",250,-85.7606166,38.2315502,NA,"47274","Seymour","IN","Seymour","Jackson County",149127,"q2",NA,"1857 e tipton st, seymour, in 47274, usa","Midwest"
"248",251,-89.0921386,30.3875619,NA,"15401","Uniontown","PA","Pittsburgh","Fayette County",109633,"q2",NA,"40 connellsville st, uniontown, pa 15401, usa","Northeast"
"249",252,-82.2689348,27.922553,NA,"22405","Fredericksburg","VA","Washington-Arlington-Alexandria","Spotsylvania County",310222,"q4",NA,"washington square plaza, george washington, va 22405, usa","South"
"250",253,-83.7097013,32.8732288,NA,"31909","Columbus","GA","Columbus","Muscogee County",156927,"q2",NA,"6770 veterans pkwy, columbus, ga 31909, usa","South"
"251",254,-75.6239457,41.4778311,NA,"94534","Fairfield","CA","Vallejo-Fairfield","Solano County",535363,"q4",NA,"180 grobric ct store 180, fairfield, ca 94534, usa","West"
"252",255,-80.868632,35.5733718,NA,"22546","Ruther Glen","VA","Richmond","Caroline County",206704,"q3",NA,"jefferson davis hwy, reedy church, va 22546, usa","South"
"253",256,-89.9907462,38.5986467,NA,"30180","Villa Rica","GA","Atlanta-Sandy Springs-Roswell","Carroll County",190876,"q3",NA,"660 w bankhead hwy suite f, villa rica, ga 30180, usa","South"
"254",257,-119.7911111,36.8308333,NA,"95240","Lodi","CA","Stockton-Lodi","San Joaquin County",341826,"q4",NA,"808 w kettleman ln, lodi, ca 95240, usa","West"
"255",258,-122.7337764,45.4015573,NA,"70506","Lafayette","LA","Lafayette","Lafayette Parish",157474,"q2",NA,"2435 w congress st, lafayette, la 70506, usa","South"
"256",259,-96.6687492,43.5143008,NA,"74354","Miami","OK","Miami","Ottawa County",72878,"q1",NA,"30 5th ave nw, miami, ok 74354, usa","South"
"257",260,-82.1840795,28.2380269,NA,"20002","Washington","DC","Washington-Arlington-Alexandria","District of Columbia",692341,"q4",NA,"1140 3rd st ne, washington, dc 20002, usa","South"
"258",261,-87.1726389,38.6477223,NA,"50131","Johnston","IA","Des Moines-West Des Moines","Polk County",289718,"q4",NA,"5355 nw 86th st, johnston, ia 50131, usa","Midwest"
"259",262,-84.3484039,33.9293624,NA,"43452","Port Clinton","OH","Port Clinton","Ottawa County",177315,"q3",NA,"205 se catawba rd store 205, port clinton, oh 43452, usa","Midwest"
"260",263,-104.8604776,38.846221,NA,"95628","Fair Oaks","CA","Sacramento--Roseville--Arden-Arcade","Sacramento County",458278,"q4",NA,"4880 san juan ave #4fair, fair oaks, ca 95628, usa","West"
"261",264,-82.1707726,29.1857621,NA,"21740","Hagerstown","MD","Hagerstown-Martinsburg","Washington County",177098,"q3",NA,"1101 maryland ave, hagerstown, md 21740, usa","South"
"262",265,-82.6337838,38.4754105,NA,"46514","Elkhart","IN","Elkhart-Goshen","Elkhart County",154250,"q2",NA,"3900 e bristol st, elkhart, in 46514, usa","Midwest"
"263",266,-79.710627,40.6448632,NA,"70506","Lafayette","LA","Lafayette","Lafayette Parish",157474,"q2",NA,"911 alfred st, lafayette, la 70506, usa","South"
"264",267,-111.7915086,33.3654128,NA,"97701","Bend","OR","Bend-Redmond","Deschutes County",398571,"q4",NA,"63435 n hwy 97, bend, or 97701, usa","West"
"265",269,-117.2930075,34.4712869,NA,"93010","Camarillo","CA","Oxnard-Thousand Oaks-Ventura","Ventura County",640388,"q4",NA,"267 arneill rd store 267, camarillo, ca 93010, usa","West"
"266",270,-120.8520922,37.4996893,NA,"27360","Thomasville","NC","Winston-Salem","Davidson County",136109,"q2",NA,"903 randolph st store 903, thomasville, nc 27360, usa","South"
"267",271,-94.347642,32.157132,NA,"44667","Orrville","OH","Wooster","Wayne County",149423,"q2",NA,"1201 n main st, orrville, oh 44667, usa","Midwest"
"268",272,-78.8968195,38.41985,NA,"98036","Lynnwood","WA","Seattle-Tacoma-Bellevue","Snohomish County",545819,"q4",NA,"4027 198th st sw, lynnwood, wa 98036, usa","West"
"269",273,-86.7783463,35.4474432,NA,"65251","Fulton","MO","Jefferson City","Callaway County",144119,"q2",NA,"2055 n bluff st, fulton, mo 65251, usa","Midwest"
"270",274,-83.7138113,32.7416015,NA,"73505","Lawton","OK","Lawton","Comanche County",99878,"q1",NA,"616 nw sheridan rd, lawton, ok 73505, usa","South"
"271",275,-112.508161,45.9715485,NA,"27405","Greensboro","NC","Greensboro-High Point","Guilford County",119321,"q2",NA,"2108 n church st, greensboro, nc 27405, usa","South"
"272",276,-71.2339604,42.4130563,NA,"32034","Fernandina Beach","FL","Jacksonville","Nassau County",382966,"q4",NA,"474264 e state rd 200 #200fernandina, fernandina beach, fl 32034, usa","South"
"273",277,-121.841227,38.0120808,NA,"14472","Honeoye Falls","NY","Rochester","Monroe County",267069,"q4",NA,"201 w main st, honeoye falls, ny 14472, usa","Northeast"
"274",278,-86.1891584,42.670399,NA,"52761","Muscatine","IA","Muscatine","Muscatine County",130567,"q2",NA,"427 lake park blvd, muscatine, ia 52761, usa","Midwest"
"275",279,-86.2437555,32.3558572,NA,"74136","Tulsa","OK","Tulsa","Tulsa County",188736,"q3",NA,"8028 s yale ave, tulsa, ok 74136, usa","South"
"276",280,-79.9853332,37.2257504,NA,"73130","Midwest City","OK","Oklahoma City","Oklahoma County",145707,"q2",NA,"9903 se 15th st, midwest city, ok 73130, usa","South"
"277",281,-80.1869608,25.8489893,NA,"24970","Ronceverte","WV","","Greenbrier County",109254,"q2",NA,"15 red oaks shopping center, ronceverte, wv 24970, usa","South"
"278",282,-87.0237332,32.4134429,NA,"88001","Las Cruces","NM","Las Cruces","Dona Ana County",124483,"q2",NA,"1256 el paseo rd, las cruces, nm 88001, usa","West"
"279",283,-98.453079,29.641198,NA,"54601","La Crosse","WI","La Crosse-Onalaska","La Crosse County",172108,"q3",NA,"3954 mormon coulee rd, la crosse, wi 54601, usa","Midwest"
"280",284,-86.1336602,39.9137908,NA,"canada",NA,NA,NA,NA,NA,"q4",NA,"965 wellington rd, london, on n6e, canada",NA
"281",285,-93.8074471,32.3981132,NA,"95054","Santa Clara","CA","San Jose-Sunnyvale-Santa Clara","Santa Clara County",1206552,"q4",NA,"2800 mission college blvd, santa clara, ca 95054, usa","West"
"282",286,-123.3358757,42.4206166,NA,"33165","University Park","FL","Miami-Fort Lauderdale-West Palm Beach","Miami-Dade County",387632,"q4",NA,"9600 sw 40th st, miami, fl 33165, usa","South"
"283",287,-89.8158907,44.3710144,NA,"86403","Lake Havasu City","AZ","Lake Havasu City-Kingman","Mohave County",254073,"q3",NA,"1990 mcculloch blvd n d, lake havasu city, az 86403, usa","West"
"284",289,-117.3158289,34.515586,NA,"19104","Philadelphia","PA","Philadelphia-Camden-Wilmington","Philadelphia County",177089,"q3",NA,"3509 spring garden st, philadelphia, pa 19104, usa","Northeast"
"285",290,-78.8242363,42.7327421,NA,"43302","Marion","OH","Marion","Marion County",90873,"q1",NA,"345 e fairground st, marion, oh 43302, usa","Midwest"
"286",291,-92.0669889,30.2007407,NA,"36330","Enterprise","AL","Enterprise","Coffee County",142731,"q2",NA,"114 s industrial blvd store 114, enterprise, al 36330, usa","South"
"287",292,NA,NA,NA,"28806","Asheville","NC","Asheville","Buncombe County",272335,"q4",NA,"1118 brevard rd, asheville, nc 28806, usa","South"
"288",293,-85.3703799,40.1596463,NA,"24293","Wise","VA","Big Stone Gap","Wise County",116737,"q2",NA,"205 ridgeview rd sw, wise, va 24293, usa","South"
"289",294,-76.0279939,40.1338616,NA,"24055","Bassett","VA","Martinsville","Henry County",86172,"q1",NA,"5833 virginia ave, bassett, va 24055, usa","South"
"290",295,-84.3399082,34.0421279,NA,"67502","Hutchinson","KS","Hutchinson","Reno County",152352,"q2",NA,"1707 waldron st, hutchinson, ks 67502, usa","Midwest"
"291",296,-90.1810973,30.0056405,NA,"48183","Trenton","MI","Detroit-Warren-Dearborn","Wayne County",174661,"q3",NA,"20080 west rd, woodhaven, mi 48183, usa","Midwest"
"292",297,-75.0012191,39.8274066,NA,"30705","Chatsworth","GA","Dalton","Murray County",138721,"q2",NA,"920 n 3rd ave, chatsworth, ga 30705, usa","South"
"293",298,-82.5564559,28.0684157,NA,"30269","Peachtree City","GA","Atlanta-Sandy Springs-Roswell","Fayette County",357069,"q4",NA,"1200 ga-74 #1, peachtree city, ga 30269, usa","South"
"294",299,-122.324385,47.619044,NA,"48506","Flint","MI","Flint","Genesee County",37184,"q1",NA,"501 s averill ave, flint, mi 48506, usa","Midwest"
"295",300,-121.8920346,36.9758006,NA,"98226","Bellingham","WA","Bellingham","Whatcom County",448251,"q4",NA,"1115 e sunset dr, bellingham, wa 98226, usa","West"
"296",301,-75.627625,40.582151,NA,"96819","Honolulu","HI","Urban Honolulu","Honolulu County",837482,"q4",NA,"2610 kilihau st, honolulu, hi 96819, usa","West"
"297",302,-96.9936579,32.8465999,NA,"26330","Bridgeport","WV","Clarksburg","Harrison County",221439,"q3",NA,"1210 w main st, bridgeport, wv 26330, usa","South"
"298",303,-82.6533658,35.7914535,NA,"73533","Duncan","OK","Duncan","Stephens County",83292,"q1",NA,"1300 us-81, duncan, ok 73533, usa","South"
"299",304,-80.3375799,36.0672461,NA,"95833","Sacramento","CA","Sacramento--Roseville--Arden-Arcade","Sacramento County",326884,"q4",NA,"3291 truxel rd #4sacramento, sacramento, ca 95833, usa","West"
"300",305,-122.2854589,37.849419,NA,"37148","Portland","TN","Nashville-Davidson--Murfreesboro--Franklin","Sumner County",190708,"q3",NA,"304 s broadway, portland, tn 37148, usa","South"
"301",306,-122.6968856,45.523575,NA,"72022","Bryant","AR","Little Rock-North Little Rock-Conway","Saline County",166180,"q3",NA,"4910 ar-5 n, bryant, ar 72022, usa","South"
"302",307,-86.9442972,38.388569,NA,NA,NA,NA,NA,NA,NA,"q4",NA,NA,NA
"303",308,-79.9100071,37.3952977,NA,"89410","Gardnerville","NV","Gardnerville Ranchos","Douglas County",434156,"q4",NA,"1362 u.s. hwy 395 n, gardnerville, nv 89410, usa","West"
"304",309,-84.3820554,33.7728215,NA,"91214","Glendale","CA","Los Angeles-Long Beach-Anaheim","Los Angeles County",874549,"q4",NA,"2926 foothill blvd, la crescenta-montrose, ca 91214, usa","West"
"305",310,-91.657211,42.034796,NA,"24540","Danville","VA","Danville","Danville City",85573,"q1",NA,"4044 franklin turnpike, danville, va 24540, usa","South"
"306",311,-79.0625692,35.0310168,NA,"96001","Redding","CA","Redding","Shasta County",286437,"q4",NA,"1242 center st, redding, ca 96001, usa","West"
"307",312,-75.8764518,40.3299966,NA,"24017","Roanoke","VA","Roanoke","Roanoke City",103883,"q1",NA,"2502 melrose ave nw, roanoke, va 24017, usa","South"
"308",313,-79.7509843,39.9098255,NA,"92120","San Diego","CA","San Diego-Carlsbad","San Diego County",675851,"q4",NA,"6378 del cerro blvd, san diego, ca 92120, usa","West"
"309",314,-78.9223269,40.3265737,NA,"79936","El Paso","TX","El Paso","El Paso County",134103,"q2",NA,"1861 joe battle blvd ste 8, el paso, tx 79936, usa","South"
"310",315,-83.6820434,42.2340772,NA,"50662","Oelwein","IA","","Fayette County",69435,"q1",NA,"120 w charles st, oelwein, ia 50662, usa","Midwest"
"311",316,-118.6018871,34.1994957,NA,"80904","Colorado Springs","CO","Colorado Springs","El Paso County",318874,"q4",NA,"2304 w colorado ave, colorado springs, co 80904, usa","West"
"312",317,-77.8516421,40.7829331,NA,"28173","Waxhaw","NC","Charlotte-Concord-Gastonia","Union County",415547,"q4",NA,"8401 providence rd s, waxhaw, nc 28173, usa","South"
"313",318,-91.4694338,39.3177297,NA,"85345","Peoria","AZ","Phoenix-Mesa-Scottsdale","Maricopa County",229129,"q3",NA,"8517 w grand ave, peoria, az 85345, usa","West"
"314",320,-91.3457946,37.9695503,NA,"63301","Saint Charles","MO","St. Louis","Saint Charles County",205518,"q3",NA,"1 westbury dr bldg b, suite 220, st charles, mo 63301, usa","Midwest"
"315",321,-97.23895,32.876535,NA,"32937","Satellite Beach","FL","Palm Bay-Melbourne-Titusville","Brevard County",332709,"q4",NA,"1150 florida a1a, satellite beach, fl 32937, usa","South"
"316",322,-86.2554713,42.4024638,NA,"24592","South Boston","VA","","Halifax County",110365,"q2",NA,"4125 halifax rd, south boston, va 24592, usa","South"
"317",323,-118.4357572,34.0370898,NA,"29611","Greenville","SC","Greenville-Anderson-Mauldin","Greenville County",122175,"q2",NA,"3229 w blue ridge dr, greenville, sc 29611, usa","South"
"318",324,-75.264586,39.9408709,NA,"70634","Deridder","LA","DeRidder","Beauregard Parish",162537,"q2",NA,"1025 n pine st, deridder, la 70634, usa","South"
"319",325,-80.2681105,27.2310815,NA,"46256","Indianapolis","IN","Indianapolis-Carmel-Anderson","Marion County",230165,"q3",NA,"9761 fall creek rd, indianapolis, in 46256, usa","Midwest"
"320",326,-119.0889509,46.2305041,NA,"85260","Scottsdale","AZ","Phoenix-Mesa-Scottsdale","Maricopa County",468752,"q4",NA,"14858 n frank lloyd wright blvd, scottsdale, az 85260, usa","West"
"321",327,-92.0854252,37.9980834,NA,"78238","San Antonio","TX","San Antonio-New Braunfels","Bexar County",170523,"q3",NA,"6401 northwest loop 410, san antonio, tx 78238, usa","South"
"322",329,-121.2703272,38.6141472,NA,"68802",NA,NA,NA,NA,NA,"q4",NA,"grand island, ne 68802, usa",NA
"323",330,-84.0304557,41.8776647,NA,"90041","Los Angeles","CA","Los Angeles-Long Beach-Anaheim","Los Angeles County",884224,"q4",NA,"1600 colorado blvd, los angeles, ca 90041, usa","West"
"324",331,-86.6898277,41.6265321,NA,"53704","Madison","WI","Madison","Dane County",236788,"q3",NA,"4602 sycamore ave, madison, wi 53704, usa","Midwest"
"325",332,-79.8780547,37.3422151,NA,"83854","Post Falls","ID","Coeur d'Alene","Kootenai County",318576,"q4",NA,"4040 e 16th ave, post falls, id 83854, usa","West"
"326",333,-70.2323052,44.1222196,NA,"46514","Elkhart","IN","Elkhart-Goshen","Elkhart County",154250,"q2",NA,"120 sanford school rd e, elkhart, in 46514, usa","Midwest"
"327",334,-122.9262527,44.046017,NA,"37421","Chattanooga","TN","Chattanooga","Hamilton County",218589,"q3",NA,"chattanooga, tn 37421, usa","South"
"328",335,-91.9468247,30.1393087,NA,"40208","Louisville","KY","Louisville/Jefferson County","Jefferson County",72975,"q1",NA,"1325 s 4th st, louisville, ky 40208, usa","South"
"329",336,-73.0786191,41.8219569,NA,"39501","Gulfport","MS","Gulfport-Biloxi-Pascagoula","Harrison County",74508,"q1",NA,"3018 25th ave, gulfport, ms 39501, usa","South"
"330",337,-80.9154698,34.1385105,NA,"33511","Brandon","FL","Tampa-St. Petersburg-Clearwater","Hillsborough County",233301,"q3",NA,"1005 lithia pinecrest rd, brandon, fl 33511, usa","South"
"331",338,-116.2861196,43.5927585,NA,"31210","Macon","GA","Macon-Bibb County","Bibb County",188379,"q3",NA,"4650 forsyth rd, macon, ga 31210, usa","South"
"332",339,-98.3405453,40.9032004,NA,"18508","Scranton","PA","Scranton--Wilkes-Barre--Hazleton","Lackawanna County",74483,"q1",NA,"2243 scranton carbondale hwy, scranton, pa 18508, usa","Northeast"
"333",340,-84.358928,34.2524973,NA,"28117","Mooresville","NC","Charlotte-Concord-Gastonia","Iredell County",394907,"q4",NA,"williamson rd, davidson, nc 28117, usa","South"
"334",341,-92.4035608,34.767847,NA,"93710","Fresno","CA","Fresno","Fresno County",276880,"q4",NA,"6437 n blackstone ave, fresno, ca 93710, usa","West"
"335",342,-77.4503678,39.4206754,NA,"97035","Lake Oswego","OR","Portland-Vancouver-Hillsboro","Clackamas County",569082,"q4",NA,"17150 lower boones ferry rd, lake oswego, or 97035, usa","West"
"336",343,-78.4668025,40.0177437,NA,"57110","Sioux Falls","SD","Sioux Falls","Minnehaha County",275982,"q4",NA,"4701 e 41st st, sioux falls, sd 57110, usa","Midwest"
"337",344,-84.8001883,33.3862544,NA,"33541","Zephyrhills","FL","Tampa-St. Petersburg-Clearwater","Pasco County",189514,"q3",NA,"gall blvd, zephyrhills, fl 33541, usa","South"
"338",345,-105.0596686,39.77782,NA,"47501","Washington","IN","Washington","Daviess County",106781,"q2",NA,"301 e highland ave, washington, in 47501, usa","Midwest"
"339",346,-81.7390369,28.5437786,NA,"41101","Ashland","KY","Huntington-Ashland","Boyd County",73222,"q1",NA,"2100 winchester ave, ashland, ky 41101, usa","South"
"340",347,-88.4787593,44.266894,NA,"15065","Harrison Township","PA","Pittsburgh","Allegheny County",111200,"q2",NA,"4005 freeport rd, natrona heights, pa 15065, usa","Northeast"
"341",348,-122.3113078,47.7344329,NA,"78703","Austin","TX","Austin-Round Rock","Travis County",989881,"q4",NA,"914 n lamar blvd, austin, tx 78703, usa","South"
"342",349,-117.4097084,47.7435177,NA,"95380","Turlock","CA","Modesto","Stanislaus County",306862,"q4",NA,"749 n golden state blvd, turlock, ca 95380, usa","West"
"343",350,-96.1778297,33.5907699,NA,"75633","Carthage","TX","","Panola County",148867,"q2",NA,"606 w panola st, carthage, tx 75633, usa","South"
"344",351,-78.2684136,37.7545614,NA,"22801","Harrisonburg","VA","Harrisonburg","Harrisonburg City",253818,"q3",NA,"2475 s main st suite b-2harrisonburg, harrisonburg, va 22801, usa","South"
"345",352,-81.3370662,28.811478,NA,"37091","Lewisburg","TN","Lewisburg","Marshall County",143031,"q2",NA,"130 the acres, lewisburg, tn 37091, usa","South"
"346",353,-84.5122939,33.9523243,NA,"31216","Macon","GA","Macon-Bibb County","Bibb County",149497,"q2",NA,"6200 skipper rd, macon, ga 31216, usa","South"
"347",355,-84.3955314,39.3584702,NA,"49453","Saugatuck","MI","Holland","Allegan County",361451,"q4",NA,"3467 blue star hwy #500saugatuck, saugatuck, mi 49453, usa","Midwest"
"348",356,-81.9042959,26.7236215,NA,"36106","Montgomery","AL","Montgomery","Montgomery County",134462,"q2",NA,"1661 perry hill rd, montgomery, al 36106, usa","South"
"349",357,-81.5307575,30.2851605,NA,"24018","Roanoke","VA","Roanoke","Roanoke City",240472,"q3",NA,"4431 starkey rd, cave spring, va 24018, usa","South"
"350",358,-95.5321094,30.0031624,NA,"36701","Selma","AL","Selma","Dallas County",67184,"q1",NA,"1011 furniss ave store 1011, selma, al 36701, usa","South"
"351",359,-92.0496332,30.2121102,NA,"71118","Shreveport","LA","Shreveport-Bossier City","Caddo Parish",131530,"q2",NA,"9361 mansfield rd, shreveport, la 71118, usa","South"
"352",360,-96.1690329,38.4122414,NA,"97527","Grants Pass","OR","Grants Pass","Josephine County",309274,"q4",NA,"1642 williams hwy, grants pass, or 97527, usa","West"
"353",361,-74.4478522,40.6216613,NA,"54494","Wisconsin Rapids","WI","Wisconsin Rapids-Marshfield","Wood County",129406,"q2",NA,"2561 8th st s, wisconsin rapids, wi 54494, usa","Midwest"
"354",362,-79.816389,32.8406162,NA,"31707","Albany","GA","Albany","Dougherty County",97897,"q1",NA,"2728 dawson rd, albany, ga 31707, usa","South"
"355",363,-122.7628883,45.3053558,NA,"70506","Lafayette","LA","Lafayette","Lafayette Parish",157474,"q2",NA,"3840 w congress st, lafayette, la 70506, usa","South"
"356",364,-89.6123256,40.6785607,NA,NA,NA,NA,NA,NA,NA,"q4",NA,NA,NA
"357",366,-95.7201925,29.8016677,NA,"33625","Citrus Park","FL","Tampa-St. Petersburg-Clearwater","Hillsborough County",259515,"q3",NA,"tampa, fl 33625, usa","South"
"358",367,-96.6563786,40.8193213,NA,"98102","Seattle","WA","Seattle-Tacoma-Bellevue","King County",724999,"q4",NA,"115 belmont ave e, seattle, wa 98102, usa","West"
"359",368,-76.6111697,39.2890884,NA,"95003","Aptos","CA","Santa Cruz-Watsonville","Santa Cruz County",907545,"q4",NA,"9043 soquel dr, aptos, ca 95003, usa","West"
"360",369,-73.6235204,45.5212388,NA,"75062","Irving","TX","Dallas-Fort Worth-Arlington","Dallas County",216252,"q3",NA,"2935 n belt line rd, irving, tx 75062, usa","South"
"361",370,-71.4969994,43.2198427,NA,"28753","Marshall","NC","Asheville","Madison County",211013,"q3",NA,"3660 us-25, marshall, nc 28753, usa","South"
"362",371,-86.0023901,41.529284,NA,"27103","Winston-Salem","NC","Winston-Salem","Forsyth County",169202,"q3",NA,"4550 kester mill rd, winston-salem, nc 27103, usa","South"
"363",372,-85.2209403,34.9903607,NA,"47546","Jasper","IN","Jasper","Dubois County",179052,"q3",NA,"201 us-231, jasper, in 47546, usa","Midwest"
"364",373,-86.7783504,35.989479,NA,"24083","Daleville","VA","Roanoke","Botetourt County",321413,"q4",NA,"125 commons pkwy, daleville, va 24083, usa","South"
"365",374,-118.4743067,34.0329563,NA,"52402","Cedar Rapids","IA","Cedar Rapids","Linn County",149497,"q2",NA,"1441 blairs ferry rd ne, cedar rapids, ia 52402, usa","Midwest"
"366",375,-91.7508015,37.9533589,NA,"15401","Uniontown","PA","Pittsburgh","Fayette County",109633,"q2",NA,"1003 mall run rd, uniontown, pa 15401, usa","Northeast"
"367",376,-81.6410521,38.3532486,NA,"15901","Johnstown","PA","Johnstown","Cambria County",22637,"q1",NA,"248 main st, johnstown, pa 15901, usa","Northeast"
"368",377,-95.9746002,35.9831662,NA,"48197","Ypsilanti","MI","Ann Arbor","Washtenaw County",235532,"q3",NA,"3782 carpenter rd, ypsilanti, mi 48197, usa","Midwest"
"369",378,-110.8748853,32.2719583,NA,"63382","Vandalia","MO","Mexico","Audrain County",64274,"q1",NA,"1295 us-54, vandalia, mo 63382, usa","Midwest"
"370",379,-111.6619703,35.1915519,NA,"65565","Steelville","MO","","Crawford County",119302,"q2",NA,"47 mo-8, steelville, mo 65565, usa","Midwest"
"371",380,-86.6911,35.9977821,NA,"49090","South Haven","MI","Kalamazoo-Portage","Van Buren County",226862,"q3",NA,"340 73.50 st, south haven, mi 49090, usa","Midwest"
"372",381,-111.2297134,47.5044939,NA,"19050","Lansdowne","PA","Philadelphia-Camden-Wilmington","Delaware County",147344,"q2",NA,"201 e baltimore ave, lansdowne, pa 19050, usa","Northeast"
"373",382,-82.6217406,35.6014435,NA,"34994","Stuart","FL","Port St. Lucie","Martin County",167301,"q3",NA,"1101 nw 21st st, stuart, fl 34994, usa","South"
"374",383,-158.0909966,21.3187143,NA,"99301","Pasco","WA","Kennewick-Richland","Franklin County",273236,"q4",NA,"307 w columbia st, pasco, wa 99301, usa","West"
"375",384,-81.3358157,35.7578551,NA,"65459","Dixon","MO","Fort Leonard Wood","Pulaski County",135786,"q2",NA,"508 5th st, dixon, mo 65459, usa","Midwest"
"376",385,-82.3362451,40.8527079,NA,"28787","Weaverville","NC","Asheville","Buncombe County",318438,"q4",NA,"50 weaver blvd, weaverville, nc 28787, usa","South"
"377",386,-118.5959162,34.1789325,NA,"24019","Roanoke","VA","Roanoke","Roanoke City",190443,"q3",NA,"5981 cloverdale rd, roanoke, va 24019, usa","South"
"378",388,-81.8190631,38.0670157,NA,"97478","Springfield","OR","Eugene","Lane County",296558,"q4",NA,"5810 main st, springfield, or 97478, usa","West"
"379",389,-77.6364299,43.200781,NA,"70518","Broussard","LA","Lafayette","Lafayette Parish",205208,"q3",NA,"1214 albertson pkwy, broussard, la 70518, usa","South"
"380",391,-122.3008069,37.8965912,NA,"29223","Columbia","SC","Columbia","Richland County",139595,"q2",NA,"4221 hardscrabble rd, columbia, sc 29223, usa","South"
"381",392,-73.937478,40.800794,NA,"68801","Grand Island","NE","Grand Island","Hall County",134885,"q2",NA,"1808 s locust st, grand island, ne 68801, usa","Midwest"
"382",393,-79.7923249,36.0600579,NA,"30115","Canton","GA","Atlanta-Sandy Springs-Roswell","Cherokee County",322480,"q4",NA,"8016 cumming hwy #305canton, canton, ga 30115, usa","South"
"383",394,-84.893749,32.519627,NA,"72212","Little Rock","AR","Little Rock-North Little Rock-Conway","Pulaski County",283330,"q4",NA,"green mountain dr, little rock, ar 72212, usa","South"
"384",395,-81.422726,28.363301,NA,"21701","Frederick","MD","Washington-Arlington-Alexandria","Frederick County",301879,"q4",NA,"101 willowdale dr, frederick, md 21701, usa","South"
"385",396,NA,NA,NA,"30263","Newnan","GA","Atlanta-Sandy Springs-Roswell","Coweta County",195675,"q3",NA,"jackson st, newnan, ga 30263, usa","South"
"386",397,-85.576225,42.270107,NA,"54913","Appleton","WI","Appleton","Outagamie County",315738,"q4",NA,"4759 w michaels dr, appleton, wi 54913, usa","Midwest"
"387",398,-117.154692,33.5550851,NA,"98155","Shoreline","WA","Seattle-Tacoma-Bellevue","King County",606182,"q4",NA,"14500 15th ave ne, shoreline, wa 98155, usa","West"
"388",399,-84.5101112,38.9443636,NA,"99218","Spokane","WA","Spokane-Spokane Valley","Spokane County",314282,"q4",NA,"9414 n division st, spokane, wa 99218, usa","West"
"389",400,-76.3003586,40.0541765,NA,"75418","Bonham","TX","Bonham","Fannin County",112057,"q2",NA,"1655 n center st, bonham, tx 75418, usa","South"
"390",401,-87.4676332,41.4367359,NA,"23055","Bremo Bluff","VA","Charlottesville","Fluvanna County",180650,"q3",NA,"4108 james madison hwy, fork union, va 23055, usa","South"
"391",402,-122.2921366,47.1390484,NA,"32771","Sanford","FL","Orlando-Kissimmee-Sanford","Seminole County",237088,"q3",NA,"4516 w state rd 46 #46sanford, sanford, fl 32771, usa","South"
"392",404,-96.7699314,32.8104373,NA,"33903","North Fort Myers","FL","Cape Coral-Fort Myers","Lee County",180765,"q3",NA,"17940 n tamiami trail, north fort myers, fl 33903, usa","South"
"393",405,-78.7030695,39.3303935,NA,"77379","Spring","TX","Houston-The Woodlands-Sugar Land","Harris County",258733,"q3",NA,"15812 champion forest dr, spring, tx 77379, usa","South"
"394",406,-81.8305054,30.1949885,NA,"70506","Lafayette","LA","Lafayette","Lafayette Parish",157474,"q2",NA,"2435 w congress st, lafayette, la 70506, usa","South"
"395",408,-98.315311,26.2561497,NA,"61605",NA,NA,NA,NA,NA,"q4",NA,"403 s olive st, peoria, il 61605, usa",NA
"396",409,-75.5428178,40.0412475,NA,"21202","Baltimore","MD","Baltimore-Columbia-Towson","Baltimore City",200501,"q3",NA,"222 e redwood st, baltimore, md 21202, usa","South"
"397",410,-75.0012357,39.8281464,NA,"canada",NA,NA,NA,NA,NA,"q4",NA,"1244 avenue beaumont, mont-royal, qc h3p 3e5, canada",NA
"398",412,-93.260284,37.186251,NA,"46573","Wakarusa","IN","Elkhart-Goshen","Elkhart County",196127,"q3",NA,"66465 state rte 19, wakarusa, in 46573, usa","Midwest"
"399",413,-77.4927878,38.2435192,NA,"37027","Brentwood","TN","Nashville-Davidson--Murfreesboro--Franklin","Williamson County",638573,"q4",NA,"1301 wilson pike, brentwood, tn 37027, usa","South"
"400",414,-94.1912374,31.8106777,NA,"65401","Rolla","MO","Rolla","Phelps County",147163,"q2",NA,"1304 forum dr, rolla, mo 65401, usa","Midwest"
"401",415,-122.0145276,36.978015,NA,"25301","Charleston","WV","Charleston","Kanawha County",127147,"q2",NA,"209 virginia st e, charleston, wv 25301, usa","South"
"402",416,-122.1840615,37.4517529,NA,"74037","Jenks","OK","Tulsa","Tulsa County",212471,"q3",NA,"502 w 125th pl s, jenks, ok 74037, usa","South"
"403",417,-78.7990606,39.6307822,NA,"85718","Tucson","AZ","Tucson","Pima County",483961,"q4",NA,"3510 n craycroft rd, tucson, az 85718, usa","West"
"404",418,-81.3341184,40.8715037,NA,"59405","Great Falls","MT","Great Falls","Cascade County",187098,"q3",NA,"4400 central ave, great falls, mt 59405, usa","West"
"405",419,-84.417164,42.720652,NA,"28806","Asheville","NC","Asheville","Buncombe County",272335,"q4",NA,"339 new leicester hwy, asheville, nc 28806, usa","South"
"406",420,-82.6231295,27.8285689,NA,"28601","Hickory","NC","Hickory-Lenoir-Morganton","Catawba County",178276,"q3",NA,"1877 n center st, hickory, nc 28601, usa","South"
"407",421,-82.7897915,39.9281914,NA,"44805","Ashland","OH","Ashland","Ashland County",139165,"q2",NA,"1611 claremont ave, ashland, oh 44805, usa","Midwest"
"408",422,-87.3124849,30.5337872,NA,"33556","Odessa","FL","Tampa-St. Petersburg-Clearwater","Hillsborough County",414575,"q4",NA,"16138 fl-54, odessa, fl 33556, usa","South"
"409",423,-119.455305,35.1491015,NA,"25130","Madison","WV","Charleston","Boone County",85168,"q1",NA,"198 state st, madison, wv 25130, usa","South"
"410",424,-89.1222209,41.3587063,NA,"14615","Rochester","NY","Rochester","Monroe County",102339,"q1",NA,"greece, ny 14615, usa","Northeast"
"411",425,-81.3143962,35.7164174,NA,"27027","Mayodan","NC","Greensboro-High Point","Rockingham County",81071,"q1",NA,"6625 nc-135, mayodan, nc 27027, usa","South"
"412",426,-81.8066481,37.0936625,NA,"31907","Columbus","GA","Columbus","Muscogee County",94407,"q1",NA,"5435 woodruff farm rd, columbus, ga 31907, usa","South"
"413",427,-88.3385812,41.857648,NA,"32837","Orlando","FL","Orlando-Kissimmee-Sanford","Orange County",275024,"q4",NA,"3901 e village center dr, orlando, fl 32837, usa","South"
"414",428,-84.1785432,40.56588,NA,NA,NA,NA,NA,NA,NA,"q4",NA,NA,NA
"415",429,-123.0605749,44.8920474,NA,"49001","Kalamazoo","MI","Kalamazoo-Portage","Kalamazoo County",101698,"q1",NA,"420 e. alcott st, kalamazoo, mi 49001, usa","Midwest"
"416",430,-92.0288879,30.1731268,NA,"41051","Independence","KY","Cincinnati","Kenton County",202469,"q3",NA,"6435 taylor mill rd store 6435, independence, ky 41051, usa","South"
"417",431,-111.0070439,32.3223424,NA,"17601","Manheim Township","PA","Lancaster","Lancaster County",257543,"q3",NA,"1048 n plum st, lancaster, pa 17601, usa","Northeast"
"418",432,-86.3164014,44.2351846,NA,"94080","South San Francisco","CA","San Francisco-Oakland-Hayward","San Mateo County",1066646,"q4",NA,"225 kenwood way, south san francisco, ca 94080, usa","West"
"419",433,-117.075248,32.660312,NA,"75206","Dallas","TX","Dallas-Fort Worth-Arlington","Dallas County",428177,"q4",NA,"1606 greenville ave, dallas, tx 75206, usa","South"
"420",434,-97.1316472,32.6710423,NA,"95648","Lincoln","CA","Sacramento--Roseville--Arden-Arcade","Placer County",494487,"q4",NA,"745 ca-65, lincoln, ca 95648, usa","West"
"421",435,-85.1455128,41.1165312,NA,"78573","Alton","TX","McAllen-Edinburg-Mission","Hidalgo County",125639,"q2",NA,"300 e mile 3 rd #101palmhurst, palmhurst, tx 78573, usa","South"
"422",437,-81.4898822,30.3170493,NA,"63552","Macon","MO","","Macon County",110954,"q2",NA,"503 e briggs dr, macon, mo 63552, usa","Midwest"
"423",438,-98.701711,29.4920976,NA,"65804","Springfield","MO","Springfield","Greene County",171985,"q3",NA,"1514 s glenstone ave, springfield, mo 65804, usa","Midwest"
"424",439,-81.961064,34.9759495,NA,"22408","Fredericksburg","VA","Washington-Arlington-Alexandria","Spotsylvania County",289853,"q4",NA,"4701 market st a, fredericksburg, va 22408, usa","South"
"425",440,-82.702254,30.1823173,NA,"95062","Santa Cruz","CA","Santa Cruz-Watsonville","Santa Cruz County",886253,"q4",NA,"815 soquel ave, santa cruz, ca 95062, usa","West"
"426",441,-84.2768255,30.5002245,NA,"21502","Cumberland","MD","Cumberland","Allegany County",95029,"q1",NA,"12000 upper potomac industrial park st, cumberland, md 21502, usa","South"
"427",442,-80.1704081,25.9852347,NA,"44721","Canton","OH","Canton-Massillon","Stark County",180558,"q3",NA,"6252 middlebranch ave ne, canton, oh 44721, usa","Midwest"
"428",443,-83.421703,36.017658,NA,"48864","Okemos","MI","Lansing-East Lansing","Ingham County",278680,"q4",NA,"1860 w grand river ave, okemos, mi 48864, usa","Midwest"
"429",444,-84.3281559,30.4390276,NA,"33702","Saint Petersburg","FL","Tampa-St. Petersburg-Clearwater","Pinellas County",224702,"q3",NA,"62nd ave ne, st. petersburg, fl 33702, usa","South"
"430",445,-78.490654,35.798878,NA,"32534","Pensacola","FL","Pensacola-Ferry Pass-Brent","Escambia County",147488,"q2",NA,"2155 w 9 mile rd, pensacola, fl 32534, usa","South"
"431",446,-81.243336,28.2450709,NA,"24641","Richlands","VA","Bluefield","Tazewell County",81357,"q1",NA,"2510 s front st, richlands, va 24641, usa","South"
"432",447,-89.3688603,30.3760692,NA,"45895","Wapakoneta","OH","Wapakoneta","Auglaize County",141560,"q2",NA,"1240 bellefontaine st, wapakoneta, oh 45895, usa","Midwest"
"433",448,-84.2945073,34.0047141,NA,"97302","Salem","OR","Salem","Marion County",320737,"q4",NA,"4555 liberty rd s, salem, or 97302, usa","West"
"434",449,-87.2980541,30.459923,NA,"70508","Lafayette","LA","Lafayette","Lafayette Parish",234092,"q3",NA,"1225 kaliste saloom rd, lafayette, la 70508, usa","South"
"435",450,-82.64231,27.770029,NA,"85704","Tucson","AZ","Tucson","Pima County",305829,"q4",NA,"1891 w orange grove rd, tucson, az 85704, usa","West"
"436",451,-121.7824788,36.9197111,NA,"49660","Manistee","MI","","Manistee County",134575,"q2",NA,"282 12th st, manistee, mi 49660, usa","Midwest"
"437",452,-83.2171787,41.1099873,NA,"76017","Arlington","TX","Dallas-Fort Worth-Arlington","Tarrant County",225799,"q3",NA,"4621 s cooper st, arlington, tx 76017, usa","South"
"438",453,-90.3459578,43.3141142,NA,"27103","Winston-Salem","NC","Winston-Salem","Forsyth County",169202,"q3",NA,"2202 cloverdale ave nw, winston-salem, nc 27103, usa","South"
"439",454,-119.6737728,34.4182729,NA,"32225","Jacksonville","FL","Jacksonville","Duval County",249444,"q3",NA,"11900 atlantic blvd, jacksonville, fl 32225, usa","South"
"440",455,-78.9148124,38.2845396,NA,"78251","San Antonio","TX","San Antonio-New Braunfels","Bexar County",197668,"q3",NA,"10650-10660, culebra rd, san antonio, tx 78251, usa","South"
"441",456,-84.1506892,40.7498257,NA,"29303","Spartanburg","SC","Spartanburg","Spartanburg County",109977,"q2",NA,"1300 asheville hwy, spartanburg, sc 29303, usa","South"
"442",457,-73.7370507,45.4393185,NA,"32055","Lake City","FL","Lake City","Columbia County",124266,"q2",NA,"4281 w us hwy 90, lake city, fl 32055, usa","South"
"443",458,-110.9472893,32.2046539,NA,"32312","Tallahassee","FL","Tallahassee","Leon County",307218,"q4",NA,"3401 n meridian rd, tallahassee, fl 32312, usa","South"
"444",459,-112.4132264,33.4356837,NA,"32304","Tallahassee","FL","Tallahassee","Leon County",92870,"q1",NA,"300 mabry st, tallahassee, fl 32304, usa","South"
"445",460,-91.6177253,37.9995603,NA,"27545","Knightdale","NC","Raleigh","Wake County",224736,"q3",NA,"7025 knightdale blvd, knightdale, nc 27545, usa","South"
"446",461,-122.1259456,37.4151801,NA,"34772","Saint Cloud","FL","Orlando-Kissimmee-Sanford","Osceola County",261906,"q3",NA,"2009 hickory tree rd, st cloud, fl 34772, usa","South"
"447",462,-92.3189957,34.6848014,NA,"39525","Diamondhead","MS","Gulfport-Biloxi-Pascagoula","Hancock County",164902,"q3",NA,"4405 e aloha dr, diamondhead, ms 39525, usa","South"
"448",463,-72.7134569,41.7475115,NA,"30076","Roswell","GA","Atlanta-Sandy Springs-Roswell","Fulton County",373172,"q4",NA,"2300 holcomb bridge rd, roswell, ga 30076, usa","South"
"449",464,-89.8382484,35.0488185,NA,"32526","Pensacola","FL","Pensacola-Ferry Pass-Brent","Escambia County",163399,"q2",NA,"5998 mobile hwy, pensacola, fl 32526, usa","South"
"450",465,NA,NA,NA,"33701","Saint Petersburg","FL","Tampa-St. Petersburg-Clearwater","Pinellas County",469194,"q4",NA,"624 1st ave s, st. petersburg, fl 33701, usa","South"
"451",466,-77.0986239,38.7352841,NA,"95076","Watsonville","CA","Santa Cruz-Watsonville","Santa Cruz County",609584,"q4",NA,"1986 main st, watsonville, ca 95076, usa","West"
"452",467,-115.2053992,35.9970104,NA,"44883","Tiffin","OH","Tiffin","Seneca County",122274,"q2",NA,"2437 w market st, tiffin, oh 44883, usa","Midwest"
"453",468,-84.1669872,33.4553112,NA,"53581","Richland Center","WI","","Richland County",137945,"q2",NA,"2496 us-14, richland center, wi 53581, usa","Midwest"
"454",469,-81.9842733,34.9129585,NA,"93103","Santa Barbara","CA","Santa Maria-Santa Barbara","Santa Barbara County",1068357,"q4",NA,"335 s milpas st, santa barbara, ca 93103, usa","West"
"455",470,-77.0544226,35.5596214,NA,"24486","Weyers Cave","VA","Staunton-Waynesboro","Augusta County",223237,"q3",NA,"51 franklin st, weyers cave, va 24486, usa","South"
"456",471,-81.8762751,34.9756201,NA,"45805","Lima","OH","Lima","Allen County",111549,"q2",NA,"2350 allentown rd, lima, oh 45805, usa","Midwest"
"457",472,-79.1563283,41.8677783,NA,"canada",NA,NA,NA,NA,NA,"q4",NA,"707 chemin bord-du-lac, dorval, qc h9s 2b9, canada",NA
"458",473,-84.0397627,34.3649666,NA,"85713","Tucson","AZ","Tucson","Pima County",148894,"q2",NA,"s cherrybell stra, tucson, az 85713, usa","West"
"459",474,-95.1800515,30.0114844,NA,"85338","Goodyear","AZ","Phoenix-Mesa-Scottsdale","Maricopa County",277961,"q4",NA,"16480 w yuma rd, goodyear, az 85338, usa","West"
"460",475,-86.6022113,36.3198676,NA,"65559","Saint James","MO","Rolla","Phelps County",142147,"q2",NA,"319 n jefferson st, st james, mo 65559, usa","Midwest"
"461",476,-121.3458311,38.5959791,NA,"72209","Little Rock","AR","Little Rock-North Little Rock-Conway","Pulaski County",72405,"q1",NA,"scott hamilton dr, little rock, ar 72209, usa","South"
"462",478,-80.2341679,36.1108073,NA,"38115","Memphis","TN","Memphis","Shelby County",119710,"q2",NA,"6745 winchester rd, memphis, tn 38115, usa","South"
"463",479,-89.3758917,43.0810465,NA,NA,NA,NA,NA,NA,NA,"q4",NA,NA,NA
"464",480,-82.4631751,27.3528898,NA,"22309","Mount Vernon","VA","Washington-Arlington-Alexandria","Fairfax County",453467,"q4",NA,"8228 richmond hwy, alexandria, va 22309, usa","South"
"465",481,-104.9904157,39.5672296,NA,"89141","Las Vegas","NV","Las Vegas-Henderson-Paradise","Clark County",352187,"q4",NA,"10600 southern highlands pkwy, las vegas, nv 89141, usa","West"
"466",482,-97.323669,32.6590428,NA,"29301","Spartanburg","SC","Spartanburg","Spartanburg County",146871,"q2",NA,"e blackstock rd, spartanburg, sc 29301, usa","South"
"467",483,-78.7959575,35.6650519,NA,"27889","Washington","NC","Washington","Beaufort County",138969,"q2",NA,"630 w 15th st store 630, washington, nc 27889, usa","South"
"468",484,-121.7139516,38.5528138,NA,"29307","Spartanburg","SC","Spartanburg","Spartanburg County",161590,"q2",NA,"dawn redwood dr, spartanburg, sc 29307, usa","South"
"469",485,-81.9046286,26.7244749,NA,"16365","Warren","PA","Warren","Warren County",103278,"q1",NA,"1079 market st, warren, pa 16365, usa","Northeast"
"470",486,-87.9664816,44.4768691,NA,"77346","Atascocita","TX","Houston-The Woodlands-Sugar Land","Harris County",222249,"q3",NA,"20669 w lake houston pkwy, humble, tx 77346, usa","South"
"471",487,-117.621909,33.4405808,NA,"33436","Boynton Beach","FL","Miami-Fort Lauderdale-West Palm Beach","Palm Beach County",268887,"q4",NA,"3499 woolbright rd, boynton beach, fl 33436, usa","South"
"472",488,-82.8212175,39.9806888,NA,"27101","Winston-Salem","NC","Winston-Salem","Forsyth County",119011,"q2",NA,"1253 n liberty st, winston-salem, nc 27101, usa","South"
"473",489,-81.7146778,35.7545577,NA,"53703","Madison","WI","Madison","Dane County",365249,"q4",NA,"10 n livingston st, madison, wi 53703, usa","Midwest"
"474",490,-98.274976,29.6041087,NA,"34235","Sarasota","FL","North Port-Sarasota-Bradenton","Sarasota County",219166,"q3",NA,"1704 n honore ave, sarasota, fl 34235, usa","South"
"475",491,-122.7512642,38.4255983,NA,"76134","Fort Worth","TX","Dallas-Fort Worth-Arlington","Tarrant County",176954,"q3",NA,"old hemphill rd, fort worth, tx 76134, usa","South"
"476",492,-123.1398295,44.0496999,NA,"27540","Holly Springs","NC","Raleigh","Wake County",337588,"q4",NA,"101 matthews dr, holly springs, nc 27540, usa","South"
"477",493,-89.603209,40.547859,NA,"33903","North Fort Myers","FL","Cape Coral-Fort Myers","Lee County",180765,"q3",NA,"17940 n tamiami trail #115n, north fort myers, fl 33903, usa","South"
"478",494,-95.7719367,44.4332542,NA,"92673","San Clemente","CA","Los Angeles-Long Beach-Anaheim","Orange County",959719,"q4",NA,"2001 calle frontera, san clemente, ca 92673, usa","West"
"479",495,-84.2074426,33.8516813,NA,"43213","Whitehall","OH","Columbus","Franklin County",127329,"q2",NA,"6847 e broad st, columbus, oh 43213, usa","Midwest"
"480",496,-94.7479598,31.3369459,NA,"28655","Morganton","NC","Hickory-Lenoir-Morganton","Burke County",150329,"q2",NA,"118 bost rd, morganton, nc 28655, usa","South"
"481",497,-98.3725107,29.5088397,NA,"95407","Santa Rosa","CA","Santa Rosa","Sonoma County",524181,"q4",NA,"2245 challenger way #104santa, santa rosa, ca 95407, usa","West"
"482",498,-77.3697224,37.1837383,NA,"61554","Pekin","IL","Peoria","Tazewell County",92558,"q1",NA,"3245 court st, pekin, il 61554, usa","Midwest"
"483",499,-98.5623159,33.8570295,NA,"56258","Marshall","MN","Marshall","Lyon County",179047,"q3",NA,"1200 e main st, marshall, mn 56258, usa","Midwest"
"484",500,-104.8205644,39.6234777,NA,"75904","Lufkin","TX","Lufkin","Angelina County",134360,"q2",NA,"301 hill st, lufkin, tx 75904, usa","South"
